Caitlyn Larson,2/26/2004,Liberia,Driver's License,7b436c41,Paraguay,8/22/2033,"3922 Matthew Groves
Dannytown, IA 55833",(301)949-7666x18899,monicahuber@example.org,Glass blower/designer,Douglas Group,salary,<20k,TRUE,67
Caitlyn Larson,2/26/2004,Liberia,Driver's License,7b436c41,Paraguay,8/22/2033,"3922 Matthew Groves
Dannytown, IA 55833",(301)949-7666x18899,monicahuber@example.org,Glass blower/designer,Douglas Group,salary,<20k,TRUE,67
Mark Thomas,11/11/1951,Antarctica (the territory South of 60 deg S),Driver's License,230e18b5,Kuwait,9/20/2032,"0158 Natalie Coves Suite 189
New Ashley, IA 14944",249.624.2080,jacquelinestokes@example.com,Curator,Fisher-Wilson,investment,<20k,TRUE,63
Caitlyn Larson,2/26/2004,Liberia,Driver's License,7b436c41,Paraguay,8/22/2033,"3922 Matthew Groves
Dannytown, IA 55833",(301)949-7666x18899,monicahuber@example.org,Glass blower/designer,Douglas Group,salary,<20k,TRUE,67
Caitlyn Larson,2/26/2004,Liberia,Driver's License,7b436c41,Paraguay,8/22/2033,"3922 Matthew Groves
Dannytown, IA 55833",(301)949-7666x18899,monicahuber@example.org,Glass blower/designer,Douglas Group,salary,<20k,TRUE,67
Mark Thomas,11/11/1951,Antarctica (the territory South of 60 deg S),Driver's License,230e18b5,Kuwait,9/20/2032,"0158 Natalie Coves Suite 189
New Ashley, IA 14944",249.624.2080,jacquelinestokes@example.com,Curator,Fisher-Wilson,investment,<20k,TRUE,63
Mark Thomas,11/11/1951,Antarctica (the territory South of 60 deg S),Driver's License,230e18b5,Kuwait,9/20/2032,"0158 Natalie Coves Suite 189
New Ashley, IA 14944",249.624.2080,jacquelinestokes@example.com,Curator,Fisher-Wilson,investment,<20k,TRUE,63
Mark Thomas,11/11/1951,Antarctica (the territory South of 60 deg S),Driver's License,230e18b5,Kuwait,9/20/2032,"0158 Natalie Coves Suite 189
New Ashley, IA 14944",249.624.2080,jacquelinestokes@example.com,Curator,Fisher-Wilson,investment,<20k,TRUE,63
Caitlyn Larson,2/26/2004,Liberia,Driver's License,7b436c41,Paraguay,8/22/2033,"3922 Matthew Groves
Dannytown, IA 55833",(301)949-7666x18899,monicahuber@example.org,Glass blower/designer,Douglas Group,salary,<20k,TRUE,67
Caitlyn Larson,2/26/2004,Liberia,Driver's License,7b436c41,Paraguay,8/22/2033,"3922 Matthew Groves
Dannytown, IA 55833",(301)949-7666x18899,monicahuber@example.org,Glass blower/designer,Douglas Group,salary,<20k,TRUE,67
Mark Thomas,11/11/1951,Antarctica (the territory South of 60 deg S),Driver's License,230e18b5,Kuwait,9/20/2032,"0158 Natalie Coves Suite 189
New Ashley, IA 14944",249.624.2080,jacquelinestokes@example.com,Curator,Fisher-Wilson,investment,<20k,TRUE,63
Mark Thomas,11/11/1951,Antarctica (the territory South of 60 deg S),Driver's License,230e18b5,Kuwait,9/20/2032,"0158 Natalie Coves Suite 189
New Ashley, IA 14944",249.624.2080,jacquelinestokes@example.com,Curator,Fisher-Wilson,investment,<20k,TRUE,63
Mark Thomas,11/11/1951,Antarctica (the territory South of 60 deg S),Driver's License,230e18b5,Kuwait,9/20/2032,"0158 Natalie Coves Suite 189
New Ashley, IA 14944",249.624.2080,jacquelinestokes@example.com,Curator,Fisher-Wilson,investment,<20k,TRUE,63
Caitlyn Larson,2/26/2004,Liberia,Driver's License,7b436c41,Paraguay,8/22/2033,"3922 Matthew Groves
Dannytown, IA 55833",(301)949-7666x18899,monicahuber@example.org,Glass blower/designer,Douglas Group,salary,<20k,TRUE,67
Mark Thomas,11/11/1951,Antarctica (the territory South of 60 deg S),Driver's License,230e18b5,Kuwait,9/20/2032,"0158 Natalie Coves Suite 189
New Ashley, IA 14944",249.624.2080,jacquelinestokes@example.com,Curator,Fisher-Wilson,investment,<20k,TRUE,63
Caitlyn Larson,2/26/2004,Liberia,Driver's License,7b436c41,Paraguay,8/22/2033,"3922 Matthew Groves
Dannytown, IA 55833",(301)949-7666x18899,monicahuber@example.org,Glass blower/designer,Douglas Group,salary,<20k,TRUE,67
Caitlyn Larson,2/26/2004,Liberia,Driver's License,7b436c41,Paraguay,8/22/2033,"3922 Matthew Groves
Dannytown, IA 55833",(301)949-7666x18899,monicahuber@example.org,Glass blower/designer,Douglas Group,salary,<20k,TRUE,67
Mark Thomas,11/11/1951,Antarctica (the territory South of 60 deg S),Driver's License,230e18b5,Kuwait,9/20/2032,"0158 Natalie Coves Suite 189
New Ashley, IA 14944",249.624.2080,jacquelinestokes@example.com,Curator,Fisher-Wilson,investment,<20k,TRUE,63
Mark Thomas,11/11/1951,Antarctica (the territory South of 60 deg S),Driver's License,230e18b5,Kuwait,9/20/2032,"0158 Natalie Coves Suite 189
New Ashley, IA 14944",249.624.2080,jacquelinestokes@example.com,Curator,Fisher-Wilson,investment,<20k,TRUE,63
Mark Thomas,11/11/1951,Antarctica (the territory South of 60 deg S),Driver's License,230e18b5,Kuwait,9/20/2032,"0158 Natalie Coves Suite 189
New Ashley, IA 14944",249.624.2080,jacquelinestokes@example.com,Curator,Fisher-Wilson,investment,<20k,TRUE,63
Mark Thomas,11/11/1951,Antarctica (the territory South of 60 deg S),Driver's License,230e18b5,Kuwait,9/20/2032,"0158 Natalie Coves Suite 189
New Ashley, IA 14944",249.624.2080,jacquelinestokes@example.com,Curator,Fisher-Wilson,investment,<20k,TRUE,63
Mark Thomas,11/11/1951,Antarctica (the territory South of 60 deg S),Driver's License,230e18b5,Kuwait,9/20/2032,"0158 Natalie Coves Suite 189
New Ashley, IA 14944",249.624.2080,jacquelinestokes@example.com,Curator,Fisher-Wilson,investment,<20k,TRUE,63
Caitlyn Larson,2/26/2004,Liberia,Driver's License,7b436c41,Paraguay,8/22/2033,"3922 Matthew Groves
Dannytown, IA 55833",(301)949-7666x18899,monicahuber@example.org,Glass blower/designer,Douglas Group,salary,<20k,TRUE,67
Mark Thomas,11/11/1951,Antarctica (the territory South of 60 deg S),Driver's License,230e18b5,Kuwait,9/20/2032,"0158 Natalie Coves Suite 189
New Ashley, IA 14944",249.624.2080,jacquelinestokes@example.com,Curator,Fisher-Wilson,investment,<20k,TRUE,63
Mark Thomas,11/11/1951,Antarctica (the territory South of 60 deg S),Driver's License,230e18b5,Kuwait,9/20/2032,"0158 Natalie Coves Suite 189
New Ashley, IA 14944",249.624.2080,jacquelinestokes@example.com,Curator,Fisher-Wilson,investment,<20k,TRUE,63
Caitlyn Larson,2/26/2004,Liberia,Driver's License,7b436c41,Paraguay,8/22/2033,"3922 Matthew Groves
Dannytown, IA 55833",(301)949-7666x18899,monicahuber@example.org,Glass blower/designer,Douglas Group,salary,<20k,TRUE,67
Mark Thomas,11/11/1951,Antarctica (the territory South of 60 deg S),Driver's License,230e18b5,Kuwait,9/20/2032,"0158 Natalie Coves Suite 189
New Ashley, IA 14944",249.624.2080,jacquelinestokes@example.com,Curator,Fisher-Wilson,investment,<20k,TRUE,63
Caitlyn Larson,2/26/2004,Liberia,Driver's License,7b436c41,Paraguay,8/22/2033,"3922 Matthew Groves
Dannytown, IA 55833",(301)949-7666x18899,monicahuber@example.org,Glass blower/designer,Douglas Group,salary,<20k,TRUE,67
Caitlyn Larson,2/26/2004,Liberia,Driver's License,7b436c41,Paraguay,8/22/2033,"3922 Matthew Groves
Dannytown, IA 55833",(301)949-7666x18899,monicahuber@example.org,Glass blower/designer,Douglas Group,salary,<20k,TRUE,67
Caitlyn Larson,2/26/2004,Liberia,Driver's License,7b436c41,Paraguay,8/22/2033,"3922 Matthew Groves
Dannytown, IA 55833",(301)949-7666x18899,monicahuber@example.org,Glass blower/designer,Douglas Group,salary,<20k,TRUE,67
Caitlyn Larson,2/26/2004,Liberia,Driver's License,7b436c41,Paraguay,8/22/2033,"3922 Matthew Groves
Dannytown, IA 55833",(301)949-7666x18899,monicahuber@example.org,Glass blower/designer,Douglas Group,salary,<20k,TRUE,67
Caitlyn Larson,2/26/2004,Liberia,Driver's License,7b436c41,Paraguay,8/22/2033,"3922 Matthew Groves
Dannytown, IA 55833",(301)949-7666x18899,monicahuber@example.org,Glass blower/designer,Douglas Group,salary,<20k,TRUE,67
Caitlyn Larson,2/26/2004,Liberia,Driver's License,7b436c41,Paraguay,8/22/2033,"3922 Matthew Groves
Dannytown, IA 55833",(301)949-7666x18899,monicahuber@example.org,Glass blower/designer,Douglas Group,salary,<20k,TRUE,67
Caitlyn Larson,2/26/2004,Liberia,Driver's License,7b436c41,Paraguay,8/22/2033,"3922 Matthew Groves
Dannytown, IA 55833",(301)949-7666x18899,monicahuber@example.org,Glass blower/designer,Douglas Group,salary,<20k,TRUE,67
Caitlyn Larson,2/26/2004,Liberia,Driver's License,7b436c41,Paraguay,8/22/2033,"3922 Matthew Groves
Dannytown, IA 55833",(301)949-7666x18899,monicahuber@example.org,Glass blower/designer,Douglas Group,salary,<20k,TRUE,67
Mark Thomas,11/11/1951,Antarctica (the territory South of 60 deg S),Driver's License,230e18b5,Kuwait,9/20/2032,"0158 Natalie Coves Suite 189
New Ashley, IA 14944",249.624.2080,jacquelinestokes@example.com,Curator,Fisher-Wilson,investment,<20k,TRUE,63
Mark Thomas,11/11/1951,Antarctica (the territory South of 60 deg S),Driver's License,230e18b5,Kuwait,9/20/2032,"0158 Natalie Coves Suite 189
New Ashley, IA 14944",249.624.2080,jacquelinestokes@example.com,Curator,Fisher-Wilson,investment,<20k,TRUE,63
Caitlyn Larson,2/26/2004,Liberia,Driver's License,7b436c41,Paraguay,8/22/2033,"3922 Matthew Groves
Dannytown, IA 55833",(301)949-7666x18899,monicahuber@example.org,Glass blower/designer,Douglas Group,salary,<20k,TRUE,67
Caitlyn Larson,2/26/2004,Liberia,Driver's License,7b436c41,Paraguay,8/22/2033,"3922 Matthew Groves
Dannytown, IA 55833",(301)949-7666x18899,monicahuber@example.org,Glass blower/designer,Douglas Group,salary,<20k,TRUE,67
Caitlyn Larson,2/26/2004,Liberia,Driver's License,7b436c41,Paraguay,8/22/2033,"3922 Matthew Groves
Dannytown, IA 55833",(301)949-7666x18899,monicahuber@example.org,Glass blower/designer,Douglas Group,salary,<20k,TRUE,67
Caitlyn Larson,2/26/2004,Liberia,Driver's License,7b436c41,Paraguay,8/22/2033,"3922 Matthew Groves
Dannytown, IA 55833",(301)949-7666x18899,monicahuber@example.org,Glass blower/designer,Douglas Group,salary,<20k,TRUE,67
Mark Thomas,11/11/1951,Antarctica (the territory South of 60 deg S),Driver's License,230e18b5,Kuwait,9/20/2032,"0158 Natalie Coves Suite 189
New Ashley, IA 14944",249.624.2080,jacquelinestokes@example.com,Curator,Fisher-Wilson,investment,<20k,TRUE,63
Caitlyn Larson,2/26/2004,Liberia,Driver's License,7b436c41,Paraguay,8/22/2033,"3922 Matthew Groves
Dannytown, IA 55833",(301)949-7666x18899,monicahuber@example.org,Glass blower/designer,Douglas Group,salary,<20k,TRUE,67
Caitlyn Larson,2/26/2004,Liberia,Driver's License,7b436c41,Paraguay,8/22/2033,"3922 Matthew Groves
Dannytown, IA 55833",(301)949-7666x18899,monicahuber@example.org,Glass blower/designer,Douglas Group,salary,<20k,TRUE,67
Mark Thomas,11/11/1951,Antarctica (the territory South of 60 deg S),Driver's License,230e18b5,Kuwait,9/20/2032,"0158 Natalie Coves Suite 189
New Ashley, IA 14944",249.624.2080,jacquelinestokes@example.com,Curator,Fisher-Wilson,investment,<20k,TRUE,63
Caitlyn Larson,2/26/2004,Liberia,Driver's License,7b436c41,Paraguay,8/22/2033,"3922 Matthew Groves
Dannytown, IA 55833",(301)949-7666x18899,monicahuber@example.org,Glass blower/designer,Douglas Group,salary,<20k,TRUE,67
Mark Thomas,11/11/1951,Antarctica (the territory South of 60 deg S),Driver's License,230e18b5,Kuwait,9/20/2032,"0158 Natalie Coves Suite 189
New Ashley, IA 14944",249.624.2080,jacquelinestokes@example.com,Curator,Fisher-Wilson,investment,<20k,TRUE,63
Caitlyn Larson,2/26/2004,Liberia,Driver's License,7b436c41,Paraguay,8/22/2033,"3922 Matthew Groves
Dannytown, IA 55833",(301)949-7666x18899,monicahuber@example.org,Glass blower/designer,Douglas Group,salary,<20k,TRUE,67
Caitlyn Larson,2/26/2004,Liberia,Driver's License,7b436c41,Paraguay,8/22/2033,"3922 Matthew Groves
Dannytown, IA 55833",(301)949-7666x18899,monicahuber@example.org,Glass blower/designer,Douglas Group,salary,<20k,TRUE,67
Mark Thomas,11/11/1951,Antarctica (the territory South of 60 deg S),Driver's License,230e18b5,Kuwait,9/20/2032,"0158 Natalie Coves Suite 189
New Ashley, IA 14944",249.624.2080,jacquelinestokes@example.com,Curator,Fisher-Wilson,investment,<20k,TRUE,63
Caitlyn Larson,2/26/2004,Liberia,Driver's License,7b436c41,Paraguay,8/22/2033,"3922 Matthew Groves
Dannytown, IA 55833",(301)949-7666x18899,monicahuber@example.org,Glass blower/designer,Douglas Group,salary,<20k,TRUE,67
Mark Thomas,11/11/1951,Antarctica (the territory South of 60 deg S),Driver's License,230e18b5,Kuwait,9/20/2032,"0158 Natalie Coves Suite 189
New Ashley, IA 14944",249.624.2080,jacquelinestokes@example.com,Curator,Fisher-Wilson,investment,<20k,TRUE,63
Mark Thomas,11/11/1951,Antarctica (the territory South of 60 deg S),Driver's License,230e18b5,Kuwait,9/20/2032,"0158 Natalie Coves Suite 189
New Ashley, IA 14944",249.624.2080,jacquelinestokes@example.com,Curator,Fisher-Wilson,investment,<20k,TRUE,63
Caitlyn Larson,2/26/2004,Liberia,Driver's License,7b436c41,Paraguay,8/22/2033,"3922 Matthew Groves
Dannytown, IA 55833",(301)949-7666x18899,monicahuber@example.org,Glass blower/designer,Douglas Group,salary,<20k,TRUE,67
Caitlyn Larson,2/26/2004,Liberia,Driver's License,7b436c41,Paraguay,8/22/2033,"3922 Matthew Groves
Dannytown, IA 55833",(301)949-7666x18899,monicahuber@example.org,Glass blower/designer,Douglas Group,salary,<20k,TRUE,67
Caitlyn Larson,2/26/2004,Liberia,Driver's License,7b436c41,Paraguay,8/22/2033,"3922 Matthew Groves
Dannytown, IA 55833",(301)949-7666x18899,monicahuber@example.org,Glass blower/designer,Douglas Group,salary,<20k,TRUE,67
Caitlyn Larson,2/26/2004,Liberia,Driver's License,7b436c41,Paraguay,8/22/2033,"3922 Matthew Groves
Dannytown, IA 55833",(301)949-7666x18899,monicahuber@example.org,Glass blower/designer,Douglas Group,salary,<20k,TRUE,67
Mark Thomas,11/11/1951,Antarctica (the territory South of 60 deg S),Driver's License,230e18b5,Kuwait,9/20/2032,"0158 Natalie Coves Suite 189
New Ashley, IA 14944",249.624.2080,jacquelinestokes@example.com,Curator,Fisher-Wilson,investment,<20k,TRUE,63
Mark Thomas,11/11/1951,Antarctica (the territory South of 60 deg S),Driver's License,230e18b5,Kuwait,9/20/2032,"0158 Natalie Coves Suite 189
New Ashley, IA 14944",249.624.2080,jacquelinestokes@example.com,Curator,Fisher-Wilson,investment,<20k,TRUE,63
Mark Thomas,11/11/1951,Antarctica (the territory South of 60 deg S),Driver's License,230e18b5,Kuwait,9/20/2032,"0158 Natalie Coves Suite 189
New Ashley, IA 14944",249.624.2080,jacquelinestokes@example.com,Curator,Fisher-Wilson,investment,<20k,TRUE,63
Caitlyn Larson,2/26/2004,Liberia,Driver's License,7b436c41,Paraguay,8/22/2033,"3922 Matthew Groves
Dannytown, IA 55833",(301)949-7666x18899,monicahuber@example.org,Glass blower/designer,Douglas Group,salary,<20k,TRUE,67
Caitlyn Larson,2/26/2004,Liberia,Driver's License,7b436c41,Paraguay,8/22/2033,"3922 Matthew Groves
Dannytown, IA 55833",(301)949-7666x18899,monicahuber@example.org,Glass blower/designer,Douglas Group,salary,<20k,TRUE,67
Mark Thomas,11/11/1951,Antarctica (the territory South of 60 deg S),Driver's License,230e18b5,Kuwait,9/20/2032,"0158 Natalie Coves Suite 189
New Ashley, IA 14944",249.624.2080,jacquelinestokes@example.com,Curator,Fisher-Wilson,investment,<20k,TRUE,63
Caitlyn Larson,2/26/2004,Liberia,Driver's License,7b436c41,Paraguay,8/22/2033,"3922 Matthew Groves
Dannytown, IA 55833",(301)949-7666x18899,monicahuber@example.org,Glass blower/designer,Douglas Group,salary,<20k,TRUE,67
Caitlyn Larson,2/26/2004,Liberia,Driver's License,7b436c41,Paraguay,8/22/2033,"3922 Matthew Groves
Dannytown, IA 55833",(301)949-7666x18899,monicahuber@example.org,Glass blower/designer,Douglas Group,salary,<20k,TRUE,67
Mark Thomas,11/11/1951,Antarctica (the territory South of 60 deg S),Driver's License,230e18b5,Kuwait,9/20/2032,"0158 Natalie Coves Suite 189
New Ashley, IA 14944",249.624.2080,jacquelinestokes@example.com,Curator,Fisher-Wilson,investment,<20k,TRUE,63
Caitlyn Larson,2/26/2004,Liberia,Driver's License,7b436c41,Paraguay,8/22/2033,"3922 Matthew Groves
Dannytown, IA 55833",(301)949-7666x18899,monicahuber@example.org,Glass blower/designer,Douglas Group,salary,<20k,TRUE,67
Mark Thomas,11/11/1951,Antarctica (the territory South of 60 deg S),Driver's License,230e18b5,Kuwait,9/20/2032,"0158 Natalie Coves Suite 189
New Ashley, IA 14944",249.624.2080,jacquelinestokes@example.com,Curator,Fisher-Wilson,investment,<20k,TRUE,63
Caitlyn Larson,2/26/2004,Liberia,Driver's License,7b436c41,Paraguay,8/22/2033,"3922 Matthew Groves
Dannytown, IA 55833",(301)949-7666x18899,monicahuber@example.org,Glass blower/designer,Douglas Group,salary,<20k,TRUE,67
Caitlyn Larson,2/26/2004,Liberia,Driver's License,7b436c41,Paraguay,8/22/2033,"3922 Matthew Groves
Dannytown, IA 55833",(301)949-7666x18899,monicahuber@example.org,Glass blower/designer,Douglas Group,salary,<20k,TRUE,67
Caitlyn Larson,2/26/2004,Liberia,Driver's License,7b436c41,Paraguay,8/22/2033,"3922 Matthew Groves
Dannytown, IA 55833",(301)949-7666x18899,monicahuber@example.org,Glass blower/designer,Douglas Group,salary,<20k,TRUE,67
Mark Thomas,11/11/1951,Antarctica (the territory South of 60 deg S),Driver's License,230e18b5,Kuwait,9/20/2032,"0158 Natalie Coves Suite 189
New Ashley, IA 14944",249.624.2080,jacquelinestokes@example.com,Curator,Fisher-Wilson,investment,<20k,TRUE,63
Mark Thomas,11/11/1951,Antarctica (the territory South of 60 deg S),Driver's License,230e18b5,Kuwait,9/20/2032,"0158 Natalie Coves Suite 189
New Ashley, IA 14944",249.624.2080,jacquelinestokes@example.com,Curator,Fisher-Wilson,investment,<20k,TRUE,63
Caitlyn Larson,2/26/2004,Liberia,Driver's License,7b436c41,Paraguay,8/22/2033,"3922 Matthew Groves
Dannytown, IA 55833",(301)949-7666x18899,monicahuber@example.org,Glass blower/designer,Douglas Group,salary,<20k,TRUE,67
Mark Thomas,11/11/1951,Antarctica (the territory South of 60 deg S),Driver's License,230e18b5,Kuwait,9/20/2032,"0158 Natalie Coves Suite 189
New Ashley, IA 14944",249.624.2080,jacquelinestokes@example.com,Curator,Fisher-Wilson,investment,<20k,TRUE,63
Mark Thomas,11/11/1951,Antarctica (the territory South of 60 deg S),Driver's License,230e18b5,Kuwait,9/20/2032,"0158 Natalie Coves Suite 189
New Ashley, IA 14944",249.624.2080,jacquelinestokes@example.com,Curator,Fisher-Wilson,investment,<20k,TRUE,63
Mark Thomas,11/11/1951,Antarctica (the territory South of 60 deg S),Driver's License,230e18b5,Kuwait,9/20/2032,"0158 Natalie Coves Suite 189
New Ashley, IA 14944",249.624.2080,jacquelinestokes@example.com,Curator,Fisher-Wilson,investment,<20k,TRUE,63
Mark Thomas,11/11/1951,Antarctica (the territory South of 60 deg S),Driver's License,230e18b5,Kuwait,9/20/2032,"0158 Natalie Coves Suite 189
New Ashley, IA 14944",249.624.2080,jacquelinestokes@example.com,Curator,Fisher-Wilson,investment,<20k,TRUE,63
Caitlyn Larson,2/26/2004,Liberia,Driver's License,7b436c41,Paraguay,8/22/2033,"3922 Matthew Groves
Dannytown, IA 55833",(301)949-7666x18899,monicahuber@example.org,Glass blower/designer,Douglas Group,salary,<20k,TRUE,67
Caitlyn Larson,2/26/2004,Liberia,Driver's License,7b436c41,Paraguay,8/22/2033,"3922 Matthew Groves
Dannytown, IA 55833",(301)949-7666x18899,monicahuber@example.org,Glass blower/designer,Douglas Group,salary,<20k,TRUE,67
Mark Thomas,11/11/1951,Antarctica (the territory South of 60 deg S),Driver's License,230e18b5,Kuwait,9/20/2032,"0158 Natalie Coves Suite 189
New Ashley, IA 14944",249.624.2080,jacquelinestokes@example.com,Curator,Fisher-Wilson,investment,<20k,TRUE,63
Mark Thomas,11/11/1951,Antarctica (the territory South of 60 deg S),Driver's License,230e18b5,Kuwait,9/20/2032,"0158 Natalie Coves Suite 189
New Ashley, IA 14944",249.624.2080,jacquelinestokes@example.com,Curator,Fisher-Wilson,investment,<20k,TRUE,63
Caitlyn Larson,2/26/2004,Liberia,Driver's License,7b436c41,Paraguay,8/22/2033,"3922 Matthew Groves
Dannytown, IA 55833",(301)949-7666x18899,monicahuber@example.org,Glass blower/designer,Douglas Group,salary,<20k,TRUE,67
Mark Thomas,11/11/1951,Antarctica (the territory South of 60 deg S),Driver's License,230e18b5,Kuwait,9/20/2032,"0158 Natalie Coves Suite 189
New Ashley, IA 14944",249.624.2080,jacquelinestokes@example.com,Curator,Fisher-Wilson,investment,<20k,TRUE,63
Caitlyn Larson,2/26/2004,Liberia,Driver's License,7b436c41,Paraguay,8/22/2033,"3922 Matthew Groves
Dannytown, IA 55833",(301)949-7666x18899,monicahuber@example.org,Glass blower/designer,Douglas Group,salary,<20k,TRUE,67
Caitlyn Larson,2/26/2004,Liberia,Driver's License,7b436c41,Paraguay,8/22/2033,"3922 Matthew Groves
Dannytown, IA 55833",(301)949-7666x18899,monicahuber@example.org,Glass blower/designer,Douglas Group,salary,<20k,TRUE,67
Mark Thomas,11/11/1951,Antarctica (the territory South of 60 deg S),Driver's License,230e18b5,Kuwait,9/20/2032,"0158 Natalie Coves Suite 189
New Ashley, IA 14944",249.624.2080,jacquelinestokes@example.com,Curator,Fisher-Wilson,investment,<20k,TRUE,63
Mark Thomas,11/11/1951,Antarctica (the territory South of 60 deg S),Driver's License,230e18b5,Kuwait,9/20/2032,"0158 Natalie Coves Suite 189
New Ashley, IA 14944",249.624.2080,jacquelinestokes@example.com,Curator,Fisher-Wilson,investment,<20k,TRUE,63
