transaction_id,customer_id,card_id,transaction_type,transaction_date_time,transaction_amount,currency,mcc,description,account_type,account_balance,card_type,card_number_masked,card_expiration_date,card_issuer,cardholder_name,merchant_id,merchant_name,merchant_location,merchant_terminal_id,payment_method,payment_channel,geolocation,authorization_code,authentication_method,3d_secure_status,fraud_risk_score,transaction_status,failure_reason,exchange_rate,rewards_earned,ip_address,device_id,user_agent,session_id,referral_source,companies_directed,sender_name,sender_account_number,sender_bank,sender_location,source,kyc_address,kyc_aml_risk_score,kyc_annual_income_range,kyc_closed_false_positive_alerts,kyc_customer_since,kyc_date_of_birth,kyc_email,kyc_employer_name,kyc_frequent_connection_country,kyc_full_name,kyc_id_expiration_date,kyc_id_issuing_country,kyc_id_type,kyc_id_number,kyc_occupation,kyc_nationality,kyc_phone_number,kyc_pep_status,kyc_source_of_funds
d717aa84-24a3-439f-beda-efb7406d2ffd,a3c0ff51-a5c6-4abb-8bde-bb7aa6848bc0,0b9e9725-0793-434f-9911-fc347cfcde9a,outbound,2024-10-22 00:12:25,111496.09,GBP,8999,Business Transfer,business,27260.13,MasterCard,**** **** **** 8735,10/33,Barclays,Dawn Thomas,1d91fc10-888a-4fa1-8b46-ce6463334991,Richardson-Lozano,"{'city': 'East Allenstad', 'state': 'MS', 'country': 'Australia'}",T8076,wire_transfer,online,"{'latitude': Decimal('-50.936610'), 'longitude': Decimal('-1.934546')}",528773,password,,47,approved,,,0,145.110.200.69,f950ca1e-0d3f-4dcb-a7a0-ed99e80c3bdf,"Mozilla/5.0 (Macintosh; Intel Mac OS X 10_6_7 rv:4.0; kok-IN) AppleWebKit/535.30.2 (KHTML, like Gecko) Version/5.1 Safari/535.30.2",e1607cc4-e8cf-4aa0-aef0-d736f90994e5,business partner,"Rivera, Harrison and Kennedy (Mexico), Wheeler, Dyer and Simon (Mexico), Baker and Sons (Singapore), Richardson-Lozano (Australia), Simmons-Moore (Australia)",,,,,,,,,,,,,,,,,,,,,,,,
903d30ea-42d8-4f52-8729-4fe6d878cde0,a3c0ff51-a5c6-4abb-8bde-bb7aa6848bc0,607e1740-2431-45f6-b20f-315c9f13105c,outbound,2024-11-01 19:44:26,161241.34,GBP,8999,Business Transfer,business,31967.08,MasterCard,**** **** **** 2697,03/30,HSBC,Dawn Thomas,c90dea5d-4cb4-477f-9601-b24b1f077d7d,Baker and Sons,"{'city': 'New Michellechester', 'state': 'IL', 'country': 'Singapore'}",T8469,wire_transfer,online,"{'latitude': Decimal('-28.311328'), 'longitude': Decimal('-58.256658')}",965267,password,,72,approved,,,0,181.39.152.13,a603715a-c272-440a-9d6c-cba7c1ff3d9e,"Mozilla/5.0 (iPhone; CPU iPhone OS 13_7 like Mac OS X) AppleWebKit/536.2 (KHTML, like Gecko) FxiOS/17.1k1169.0 Mobile/58E897 Safari/536.2",1606df6c-ccd2-4f1e-a68b-1fc9eeef11ff,direct,"Rivera, Harrison and Kennedy (Mexico), Wheeler, Dyer and Simon (Mexico), Baker and Sons (Singapore), Richardson-Lozano (Australia), Simmons-Moore (Australia)",,,,,,,,,,,,,,,,,,,,,,,,
9ceb4f0d-b6b0-4fc7-98fd-5f1bf94aec6e,a3c0ff51-a5c6-4abb-8bde-bb7aa6848bc0,607e1740-2431-45f6-b20f-315c9f13105c,outbound,2024-11-12 12:17:38,149624.86,GBP,8999,Business Transfer,business,8958.43,MasterCard,**** **** **** 3970,07/25,HSBC,Dawn Thomas,8ba668a1-37d8-473a-bcce-e37f0c2f9783,"Wheeler, Dyer and Simon","{'city': 'North Ethanton', 'state': 'MS', 'country': 'Mexico'}",T4913,wire_transfer,online,"{'latitude': Decimal('-32.0038125'), 'longitude': Decimal('-117.921031')}",885751,password,,74,approved,,,0,150.237.42.177,0409f0b5-545e-43ea-8917-45539174631f,Mozilla/5.0 (compatible; MSIE 7.0; Windows NT 5.1; Trident/5.0),dc7a8551-7a10-4021-ad64-6f128c696bf0,business partner,"Rivera, Harrison and Kennedy (Mexico), Wheeler, Dyer and Simon (Mexico), Baker and Sons (Singapore), Richardson-Lozano (Australia), Simmons-Moore (Australia)",,,,,,,,,,,,,,,,,,,,,,,,
8564ceb2-b34f-43b2-90b7-e3838c517446,a3c0ff51-a5c6-4abb-8bde-bb7aa6848bc0,607e1740-2431-45f6-b20f-315c9f13105c,outbound,2024-11-02 10:43:18,168112.79,GBP,6012,Business Transfer,business,7988.11,MasterCard,**** **** **** 8137,07/28,HSBC,Dawn Thomas,6bede34b-244c-4ae7-92b1-b4d7a17f9f97,"Rivera, Harrison and Kennedy","{'city': 'New Tara', 'state': 'NV', 'country': 'Mexico'}",T3346,wire_transfer,online,"{'latitude': Decimal('57.272076'), 'longitude': Decimal('-163.474585')}",634331,password,,49,approved,,,0,218.140.22.229,2dda5b9b-7a14-451e-aa30-a9b53cfa8d40,"Mozilla/5.0 (iPhone; CPU iPhone OS 12_5_7 like Mac OS X) AppleWebKit/534.0 (KHTML, like Gecko) FxiOS/12.0t3105.0 Mobile/61L464 Safari/534.0",d4f8819f-c05a-40ec-ba89-882e787e25d6,business partner,"Rivera, Harrison and Kennedy (Mexico), Wheeler, Dyer and Simon (Mexico), Baker and Sons (Singapore), Richardson-Lozano (Australia), Simmons-Moore (Australia)",,,,,,,,,,,,,,,,,,,,,,,,
a046b31a-b246-458f-a0e1-2db1376dab2c,a3c0ff51-a5c6-4abb-8bde-bb7aa6848bc0,607e1740-2431-45f6-b20f-315c9f13105c,outbound,2024-10-19 19:20:54,121605.06,GBP,8999,Business Transfer,business,8732.58,MasterCard,**** **** **** 9591,12/31,HSBC,Dawn Thomas,38c2435f-479d-47b2-8e93-b34a378b4aec,"Rivera, Harrison and Kennedy","{'city': 'Mitchellstad', 'state': 'MD', 'country': 'Mexico'}",T8727,wire_transfer,online,"{'latitude': Decimal('52.757580'), 'longitude': Decimal('103.363122')}",905639,password,,64,approved,,,0,216.88.164.188,993d32aa-78db-4c8a-a96a-99108b10e9a9,"Mozilla/5.0 (Macintosh; PPC Mac OS X 10_12_5 rv:2.0; gu-IN) AppleWebKit/533.47.7 (KHTML, like Gecko) Version/5.0.1 Safari/533.47.7",f3762fe4-4e86-4371-8689-bd09cce6e45e,direct,"Rivera, Harrison and Kennedy (Mexico), Wheeler, Dyer and Simon (Mexico), Baker and Sons (Singapore), Richardson-Lozano (Australia), Simmons-Moore (Australia)",,,,,,,,,,,,,,,,,,,,,,,,
03a1e67a-b418-4afb-9d1c-bd3896ff9eba,a3c0ff51-a5c6-4abb-8bde-bb7aa6848bc0,0b9e9725-0793-434f-9911-fc347cfcde9a,outbound,2024-10-28 13:39:39,183447.43,GBP,8999,Business Transfer,business,49266.11,MasterCard,**** **** **** 5932,06/27,Barclays,Dawn Thomas,af1a907a-7176-4d5c-ae94-748e657b40b6,Simmons-Moore,"{'city': 'Rojaston', 'state': 'GU', 'country': 'Australia'}",T6379,wire_transfer,online,"{'latitude': Decimal('36.1748865'), 'longitude': Decimal('92.264832')}",564938,password,,65,approved,,,0,173.184.28.214,dcc202fb-8865-45ba-9783-aaa653d08fbb,Mozilla/5.0 (compatible; MSIE 6.0; Windows NT 10.0; Trident/5.0),c35befa2-de9a-4703-bc20-39eb1e00c252,direct,"Rivera, Harrison and Kennedy (Mexico), Wheeler, Dyer and Simon (Mexico), Baker and Sons (Singapore), Richardson-Lozano (Australia), Simmons-Moore (Australia)",,,,,,,,,,,,,,,,,,,,,,,,
f5bf90df-540b-47c1-986c-5e783206854d,a3c0ff51-a5c6-4abb-8bde-bb7aa6848bc0,0b9e9725-0793-434f-9911-fc347cfcde9a,outbound,2024-10-27 19:25:19,146636.73,GBP,6012,Business Transfer,business,16416.97,MasterCard,**** **** **** 3717,10/34,Barclays,Dawn Thomas,eef4025e-5311-42f0-a892-83674a1776c3,Richardson-Lozano,"{'city': 'Danaville', 'state': 'MT', 'country': 'Australia'}",T5680,wire_transfer,online,"{'latitude': Decimal('-55.2942705'), 'longitude': Decimal('-161.356833')}",285894,password,,31,approved,,,0,136.17.249.234,ba8a589f-19b0-445e-b4c3-e1a197689478,Mozilla/5.0 (compatible; MSIE 5.0; Windows NT 5.2; Trident/3.1),838a8595-4a43-45ca-becc-73053391266c,direct,"Rivera, Harrison and Kennedy (Mexico), Wheeler, Dyer and Simon (Mexico), Baker and Sons (Singapore), Richardson-Lozano (Australia), Simmons-Moore (Australia)",,,,,,,,,,,,,,,,,,,,,,,,
be638d46-3da2-4b53-bb63-4548fcfe343a,a3c0ff51-a5c6-4abb-8bde-bb7aa6848bc0,607e1740-2431-45f6-b20f-315c9f13105c,outbound,2024-11-12 14:00:40,174120.14,GBP,8999,Business Transfer,business,19254.34,MasterCard,**** **** **** 4935,11/25,HSBC,Dawn Thomas,10e1d30b-baff-400f-a4d8-e5259a4bf112,Simmons-Moore,"{'city': 'Ashleyburgh', 'state': 'SD', 'country': 'Australia'}",T4659,wire_transfer,online,"{'latitude': Decimal('35.8897425'), 'longitude': Decimal('-152.374289')}",503410,password,,33,approved,,,0,56.172.28.195,ac55d82e-5c70-41bf-9d5d-9024e6345c99,"Mozilla/5.0 (iPhone; CPU iPhone OS 5_1_1 like Mac OS X) AppleWebKit/536.1 (KHTML, like Gecko) CriOS/46.0.838.0 Mobile/93R522 Safari/536.1",fbca4c24-08a3-4815-88a7-cdfcc6f713d4,direct,"Rivera, Harrison and Kennedy (Mexico), Wheeler, Dyer and Simon (Mexico), Baker and Sons (Singapore), Richardson-Lozano (Australia), Simmons-Moore (Australia)",,,,,,,,,,,,,,,,,,,,,,,,
8ab47d7f-9c33-4412-96d6-592e285d6dc3,a3c0ff51-a5c6-4abb-8bde-bb7aa6848bc0,0b9e9725-0793-434f-9911-fc347cfcde9a,outbound,2024-10-31 07:42:01,125937.63,GBP,4829,Business Transfer,business,24427.88,MasterCard,**** **** **** 9373,08/28,Barclays,Dawn Thomas,f9a3c23a-597b-4a35-b798-eebdef7e6750,"Wheeler, Dyer and Simon","{'city': 'New Brandon', 'state': 'OH', 'country': 'Mexico'}",T6496,wire_transfer,online,"{'latitude': Decimal('9.588197'), 'longitude': Decimal('-56.651623')}",994092,password,,52,approved,,,0,51.245.180.99,926eaf67-838d-4a9c-b9bd-3051d086ea7d,Mozilla/5.0 (compatible; MSIE 5.0; Windows NT 5.01; Trident/5.1),3b28811c-9617-40a9-8bef-e7e2a73977a7,direct,"Rivera, Harrison and Kennedy (Mexico), Wheeler, Dyer and Simon (Mexico), Baker and Sons (Singapore), Richardson-Lozano (Australia), Simmons-Moore (Australia)",,,,,,,,,,,,,,,,,,,,,,,,
db444f31-2fe3-4de7-bf4d-52b773e10b6f,a3c0ff51-a5c6-4abb-8bde-bb7aa6848bc0,607e1740-2431-45f6-b20f-315c9f13105c,outbound,2024-10-22 00:57:40,157160.84,GBP,6012,Business Transfer,business,21848.44,MasterCard,**** **** **** 5416,05/28,HSBC,Dawn Thomas,df35c501-7624-481a-ae5c-b000b44efab3,"Rivera, Harrison and Kennedy","{'city': 'Port Charles', 'state': 'KY', 'country': 'Mexico'}",T1778,wire_transfer,online,"{'latitude': Decimal('11.0143615'), 'longitude': Decimal('61.703724')}",113914,password,,62,approved,,,0,215.79.10.196,a3fe127d-ddea-4699-adcf-9b4260e1d4cf,Mozilla/5.0 (compatible; MSIE 7.0; Windows NT 6.1; Trident/4.1),7df58a8f-f557-4e2c-9cd2-5f2f05b628ee,business partner,"Rivera, Harrison and Kennedy (Mexico), Wheeler, Dyer and Simon (Mexico), Baker and Sons (Singapore), Richardson-Lozano (Australia), Simmons-Moore (Australia)",,,,,,,,,,,,,,,,,,,,,,,,
b7d797d7-76c4-425d-b5f4-9647bf1e9b74,a3c0ff51-a5c6-4abb-8bde-bb7aa6848bc0,607e1740-2431-45f6-b20f-315c9f13105c,outbound,2024-10-22 00:40:20,191651.52,GBP,8999,Business Transfer,business,9402.8,MasterCard,**** **** **** 9112,11/25,HSBC,Dawn Thomas,3ea76e01-220d-4665-91c7-0ea21478f28e,"Rivera, Harrison and Kennedy","{'city': 'Matthewschester', 'state': 'CO', 'country': 'Mexico'}",T8040,wire_transfer,online,"{'latitude': Decimal('9.281344'), 'longitude': Decimal('71.727028')}",696406,password,,62,approved,,,0,7.123.15.151,061e85db-d84e-40ae-90f7-0206bfcdadc1,Mozilla/5.0 (compatible; MSIE 7.0; Windows CE; Trident/5.0),76a54196-2d8d-4b96-a475-4f0bb6a06219,direct,"Rivera, Harrison and Kennedy (Mexico), Wheeler, Dyer and Simon (Mexico), Baker and Sons (Singapore), Richardson-Lozano (Australia), Simmons-Moore (Australia)",,,,,,,,,,,,,,,,,,,,,,,,
c639f5d4-f07d-44b1-9150-e1c55730b6ad,a3c0ff51-a5c6-4abb-8bde-bb7aa6848bc0,607e1740-2431-45f6-b20f-315c9f13105c,outbound,2024-10-15 19:22:05,101223.5,GBP,8999,Business Transfer,business,11432.67,MasterCard,**** **** **** 1229,07/32,HSBC,Dawn Thomas,d12e840d-8d1b-4910-8350-c83d9d385428,Richardson-Lozano,"{'city': 'Lake Wesleymouth', 'state': 'LA', 'country': 'Australia'}",T9495,wire_transfer,online,"{'latitude': Decimal('-69.9320075'), 'longitude': Decimal('123.620575')}",620521,password,,66,approved,,,0,223.135.156.124,b9327f78-01ca-4224-aa85-445235889c97,Mozilla/5.0 (Android 3.2.3; Mobile; rv:67.0) Gecko/67.0 Firefox/67.0,9718f689-2504-4e7b-9315-098f83b16adf,business partner,"Rivera, Harrison and Kennedy (Mexico), Wheeler, Dyer and Simon (Mexico), Baker and Sons (Singapore), Richardson-Lozano (Australia), Simmons-Moore (Australia)",,,,,,,,,,,,,,,,,,,,,,,,
b1a90c5e-fab1-4462-b8a7-8ab8d9f03366,a3c0ff51-a5c6-4abb-8bde-bb7aa6848bc0,0b9e9725-0793-434f-9911-fc347cfcde9a,outbound,2024-10-18 17:21:04,130943.87,GBP,8999,Business Transfer,business,46047.21,MasterCard,**** **** **** 9558,12/33,Barclays,Dawn Thomas,a47bdd73-9eed-4d50-852f-2843a9ea112c,"Rivera, Harrison and Kennedy","{'city': 'New Douglastown', 'state': 'MD', 'country': 'Mexico'}",T3129,wire_transfer,online,"{'latitude': Decimal('-77.445205'), 'longitude': Decimal('143.794482')}",104877,password,,54,approved,,,0,117.35.227.224,cb3a33f9-e5d9-4528-809d-c4a41679b27f,"Mozilla/5.0 (Linux; Android 4.2) AppleWebKit/534.0 (KHTML, like Gecko) Chrome/47.0.882.0 Safari/534.0",fd74366d-d733-4b3a-92b4-3d2601c3d37d,business partner,"Rivera, Harrison and Kennedy (Mexico), Wheeler, Dyer and Simon (Mexico), Baker and Sons (Singapore), Richardson-Lozano (Australia), Simmons-Moore (Australia)",,,,,,,,,,,,,,,,,,,,,,,,
1d961f53-a86b-42ea-8950-cd8f29f13ab2,a3c0ff51-a5c6-4abb-8bde-bb7aa6848bc0,607e1740-2431-45f6-b20f-315c9f13105c,outbound,2024-11-10 08:27:37,197459.89,GBP,6012,Business Transfer,business,15749.6,MasterCard,**** **** **** 8725,05/27,HSBC,Dawn Thomas,760bfefe-a91e-41db-a352-21d160c0fbb7,"Rivera, Harrison and Kennedy","{'city': 'Arielport', 'state': 'OR', 'country': 'Mexico'}",T8515,wire_transfer,online,"{'latitude': Decimal('78.1578355'), 'longitude': Decimal('-18.995405')}",503306,password,,53,approved,,,0,145.97.122.30,695bf9fa-ec8f-467b-af59-098e0a943359,Opera/9.53.(Windows NT 11.0; kw-GB) Presto/2.9.184 Version/10.00,898c8547-032c-441a-a72c-e3e4a5c7bf87,business partner,"Rivera, Harrison and Kennedy (Mexico), Wheeler, Dyer and Simon (Mexico), Baker and Sons (Singapore), Richardson-Lozano (Australia), Simmons-Moore (Australia)",,,,,,,,,,,,,,,,,,,,,,,,
bb639a1a-c00b-4ebf-806f-fac5e23fc08c,a3c0ff51-a5c6-4abb-8bde-bb7aa6848bc0,607e1740-2431-45f6-b20f-315c9f13105c,outbound,2024-11-04 04:06:01,138008.73,GBP,8999,Business Transfer,business,36902.73,MasterCard,**** **** **** 9261,04/26,HSBC,Dawn Thomas,5e998e12-e7b1-427b-b0f3-6cc88e277b1b,"Wheeler, Dyer and Simon","{'city': 'South Lisatown', 'state': 'HI', 'country': 'Mexico'}",T2038,wire_transfer,online,"{'latitude': Decimal('23.8263325'), 'longitude': Decimal('-157.565954')}",694699,password,,53,approved,,,0,56.12.202.246,a718ca04-67cc-4e20-8ffc-82bc37a90514,Mozilla/5.0 (compatible; MSIE 8.0; Windows 98; Trident/3.1),ce5c3c60-0837-473c-aafa-5578f7b27506,direct,"Rivera, Harrison and Kennedy (Mexico), Wheeler, Dyer and Simon (Mexico), Baker and Sons (Singapore), Richardson-Lozano (Australia), Simmons-Moore (Australia)",,,,,,,,,,,,,,,,,,,,,,,,
62b5a22b-0e46-4d23-bb44-ed845c93e530,a3c0ff51-a5c6-4abb-8bde-bb7aa6848bc0,607e1740-2431-45f6-b20f-315c9f13105c,outbound,2024-10-21 15:02:49,113584.47,GBP,4829,Business Transfer,business,13129.57,MasterCard,**** **** **** 5621,11/33,HSBC,Dawn Thomas,fd2aa914-665f-4ea5-9511-195afcd10777,Richardson-Lozano,"{'city': 'East David', 'state': 'TN', 'country': 'Australia'}",T4964,wire_transfer,online,"{'latitude': Decimal('-74.8214255'), 'longitude': Decimal('140.760612')}",961322,password,,41,approved,,,0,174.139.242.0,bf22c5be-34c8-4cad-98fb-68bf732573b6,"Mozilla/5.0 (iPad; CPU iPad OS 14_8_1 like Mac OS X) AppleWebKit/532.0 (KHTML, like Gecko) FxiOS/10.3t2660.0 Mobile/11F547 Safari/532.0",5a9abc48-29ad-4a50-8d59-c70f9a33e30b,business partner,"Rivera, Harrison and Kennedy (Mexico), Wheeler, Dyer and Simon (Mexico), Baker and Sons (Singapore), Richardson-Lozano (Australia), Simmons-Moore (Australia)",,,,,,,,,,,,,,,,,,,,,,,,
921ea6bc-ec38-4209-b6f9-4ce814f0399f,a3c0ff51-a5c6-4abb-8bde-bb7aa6848bc0,0b9e9725-0793-434f-9911-fc347cfcde9a,outbound,2024-10-23 11:25:28,115656.63,GBP,6012,Business Transfer,business,49392.37,MasterCard,**** **** **** 1301,06/34,Barclays,Dawn Thomas,fbb1fd53-f5b5-4bd5-be2d-32d563241bb4,"Rivera, Harrison and Kennedy","{'city': 'East Adamburgh', 'state': 'IN', 'country': 'Mexico'}",T3057,wire_transfer,online,"{'latitude': Decimal('11.5344225'), 'longitude': Decimal('-122.402856')}",524608,password,,60,approved,,,0,185.48.138.243,d86b40af-f48b-4f71-837b-b2724ae0e46d,Mozilla/5.0 (X11; Linux x86_64; rv:1.9.6.20) Gecko/6988-05-31 11:13:24 Firefox/3.8,8d296d6b-6b5c-42c0-b9fd-0474058ad3bb,business partner,"Rivera, Harrison and Kennedy (Mexico), Wheeler, Dyer and Simon (Mexico), Baker and Sons (Singapore), Richardson-Lozano (Australia), Simmons-Moore (Australia)",,,,,,,,,,,,,,,,,,,,,,,,
c7ecdf61-8ff1-4019-b442-35f718a5c3ac,a3c0ff51-a5c6-4abb-8bde-bb7aa6848bc0,607e1740-2431-45f6-b20f-315c9f13105c,outbound,2024-10-28 19:57:03,101981.19,GBP,4829,Business Transfer,business,37062.17,MasterCard,**** **** **** 3869,03/34,HSBC,Dawn Thomas,8d848780-7027-4048-a6b2-42743f950b71,"Rivera, Harrison and Kennedy","{'city': 'Lake Jaredmouth', 'state': 'IA', 'country': 'Mexico'}",T1940,wire_transfer,online,"{'latitude': Decimal('-32.6149575'), 'longitude': Decimal('-18.366131')}",174102,password,,44,approved,,,0,111.12.120.95,32237848-1ee0-4c5c-af67-7d7fd7a3f3b3,"Mozilla/5.0 (Macintosh; PPC Mac OS X 10_11_5) AppleWebKit/535.2 (KHTML, like Gecko) Chrome/38.0.874.0 Safari/535.2",d1cf2050-474f-4286-bc34-ee5ef2e26a0b,business partner,"Rivera, Harrison and Kennedy (Mexico), Wheeler, Dyer and Simon (Mexico), Baker and Sons (Singapore), Richardson-Lozano (Australia), Simmons-Moore (Australia)",,,,,,,,,,,,,,,,,,,,,,,,
0477d05a-0a0b-4098-a42d-9f47bf31efc6,a3c0ff51-a5c6-4abb-8bde-bb7aa6848bc0,0b9e9725-0793-434f-9911-fc347cfcde9a,POS,2024-09-03 19:16:37,1820.65,GBP,5812,Dining,business,24427.84,Visa,**** **** **** 8207,03/33,Barclays,Dawn Thomas,a0ed5501-dca6-4daf-b701-887d59c3955b,Rowe LLC,"{'city': 'Stacyshire', 'state': 'ID', 'country': 'UK'}",T6228,NFC,POS,"{'latitude': Decimal('36.7335875'), 'longitude': Decimal('-10.712842')}",524305,PIN,,11,approved,,,2,,,,63ff3cb3-8842-4c1e-a6f5-6e05503b96c8,direct,"Rivera, Harrison and Kennedy (Mexico), Wheeler, Dyer and Simon (Mexico), Baker and Sons (Singapore), Richardson-Lozano (Australia), Simmons-Moore (Australia)",,,,,,"082 Joyce Cove
Westton, SD 34041",5.0,2000000,0.0,5.0,1983-09-03,djacobs@example.com,,Mexico,Dawn Thomas,2025-01-15,UK,Passport,d29d3043,Company Director,UK,(245)505-6726x50355,False,Salary
c139bb1a-f135-4490-ae9e-f2d2b711c5be,a3c0ff51-a5c6-4abb-8bde-bb7aa6848bc0,0b9e9725-0793-434f-9911-fc347cfcde9a,POS,2024-10-18 11:23:42,2095.82,GBP,5812,Fuel,business,7442.1,Visa,**** **** **** 6183,12/30,Barclays,Dawn Thomas,33eb5912-4111-4fe9-a166-d9c601183a5e,Ramos-Mcgee,"{'city': 'Autumnland', 'state': 'IN', 'country': 'UK'}",T5344,chip,POS,"{'latitude': Decimal('-85.555224'), 'longitude': Decimal('32.176168')}",248427,PIN,,24,approved,,,4,,,,eeee14c0-4ef9-4560-b645-716174ef9748,direct,"Rivera, Harrison and Kennedy (Mexico), Wheeler, Dyer and Simon (Mexico), Baker and Sons (Singapore), Richardson-Lozano (Australia), Simmons-Moore (Australia)",,,,,,"082 Joyce Cove
Westton, SD 34041",5.0,2000000,5.0,3.0,1983-09-03,djacobs@example.com,,Mexico,Dawn Thomas,2025-01-15,UK,Passport,d29d3043,Company Director,UK,(245)505-6726x50355,False,Salary
9503ac12-3c1a-4ea9-8a94-afde1fc2f4a6,a3c0ff51-a5c6-4abb-8bde-bb7aa6848bc0,607e1740-2431-45f6-b20f-315c9f13105c,POS,2024-06-16 06:16:55,1576.17,GBP,5999,Fuel,business,27056.0,Visa,**** **** **** 6917,04/29,HSBC,Dawn Thomas,02e466c6-06f8-4835-9f0f-dd332e94ab56,Carter Inc,"{'city': 'Laraborough', 'state': 'IL', 'country': 'UK'}",T1469,swipe,POS,"{'latitude': Decimal('-66.4533055'), 'longitude': Decimal('-168.203840')}",401151,PIN,,26,approved,,,0,,,,f9e26649-6a18-4f3f-aa82-f32cb634ab9c,advertisement,"Rivera, Harrison and Kennedy (Mexico), Wheeler, Dyer and Simon (Mexico), Baker and Sons (Singapore), Richardson-Lozano (Australia), Simmons-Moore (Australia)",,,,,,"082 Joyce Cove
Westton, SD 34041",5.0,2000000,3.0,4.0,1983-09-03,djacobs@example.com,,Mexico,Dawn Thomas,2025-01-15,UK,Passport,d29d3043,Company Director,UK,(245)505-6726x50355,False,Salary
7addebdb-058c-45dd-b562-57d00909901c,a3c0ff51-a5c6-4abb-8bde-bb7aa6848bc0,607e1740-2431-45f6-b20f-315c9f13105c,POS,2024-09-06 03:53:03,1492.92,GBP,5411,Office Supplies,business,37549.76,Visa,**** **** **** 3751,11/32,HSBC,Dawn Thomas,ccef1da4-1a60-4147-b093-ba4c8f2759c0,Gardner Group,"{'city': 'Josephfort', 'state': 'SD', 'country': 'UK'}",T7080,swipe,POS,"{'latitude': Decimal('-11.0415615'), 'longitude': Decimal('-140.876205')}",880114,PIN,,29,approved,,,3,,,,9983d12b-e45b-473e-be18-c5bc04a044e4,advertisement,"Rivera, Harrison and Kennedy (Mexico), Wheeler, Dyer and Simon (Mexico), Baker and Sons (Singapore), Richardson-Lozano (Australia), Simmons-Moore (Australia)",,,,,,"082 Joyce Cove
Westton, SD 34041",5.0,2000000,3.0,1.0,1983-09-03,djacobs@example.com,,Mexico,Dawn Thomas,2025-01-15,UK,Passport,d29d3043,Company Director,UK,(245)505-6726x50355,False,Salary
792373aa-7e4f-4dee-a49a-cc5a37c12ee3,a3c0ff51-a5c6-4abb-8bde-bb7aa6848bc0,0b9e9725-0793-434f-9911-fc347cfcde9a,POS,2024-10-26 13:04:29,1888.22,GBP,5999,Office Supplies,business,34724.3,Visa,**** **** **** 5893,05/29,Barclays,Dawn Thomas,c127f76b-36bf-40e4-aec2-26df6324b89b,Merritt-Bowers,"{'city': 'Jenniferville', 'state': 'NH', 'country': 'UK'}",T7879,chip,POS,"{'latitude': Decimal('-25.183022'), 'longitude': Decimal('88.109961')}",123572,PIN,,12,approved,,,1,,,,d2ee5014-e801-41c9-bc48-fc6c6a5df133,direct,"Rivera, Harrison and Kennedy (Mexico), Wheeler, Dyer and Simon (Mexico), Baker and Sons (Singapore), Richardson-Lozano (Australia), Simmons-Moore (Australia)",,,,,,"082 Joyce Cove
Westton, SD 34041",5.0,2000000,0.0,3.0,1983-09-03,djacobs@example.com,,Mexico,Dawn Thomas,2025-01-15,UK,Passport,d29d3043,Company Director,UK,(245)505-6726x50355,False,Salary
76d2d783-233f-4f80-8cb1-ee6f53edfa7c,a3c0ff51-a5c6-4abb-8bde-bb7aa6848bc0,0b9e9725-0793-434f-9911-fc347cfcde9a,POS,2024-07-22 09:44:13,1811.82,GBP,5999,Office Supplies,business,17497.18,Visa,**** **** **** 4202,02/26,Barclays,Dawn Thomas,558ee06f-cd8f-48b0-90a9-a071b6ac3cce,Cordova PLC,"{'city': 'New Nicoleburgh', 'state': 'IL', 'country': 'UK'}",T2628,swipe,POS,"{'latitude': Decimal('75.5644335'), 'longitude': Decimal('169.235072')}",609007,PIN,,18,approved,,,4,,,,71f747e4-0cbb-4864-9b3f-832db3cff228,advertisement,"Rivera, Harrison and Kennedy (Mexico), Wheeler, Dyer and Simon (Mexico), Baker and Sons (Singapore), Richardson-Lozano (Australia), Simmons-Moore (Australia)",,,,,,"082 Joyce Cove
Westton, SD 34041",5.0,2000000,4.0,0.0,1983-09-03,djacobs@example.com,,Mexico,Dawn Thomas,2025-01-15,UK,Passport,d29d3043,Company Director,UK,(245)505-6726x50355,False,Salary
d1860da6-52d9-448c-94ee-e6e38ffa7c94,a3c0ff51-a5c6-4abb-8bde-bb7aa6848bc0,607e1740-2431-45f6-b20f-315c9f13105c,POS,2024-10-08 02:23:43,3868.85,GBP,5999,Dining,business,40318.9,Visa,**** **** **** 9382,09/30,HSBC,Dawn Thomas,8f57fdab-acfc-42b4-b7b3-525cceb277aa,Ibarra Inc,"{'city': 'Port Angela', 'state': 'AL', 'country': 'UK'}",T1082,NFC,POS,"{'latitude': Decimal('66.0931635'), 'longitude': Decimal('-171.197765')}",224703,PIN,,10,approved,,,5,,,,5a282587-6d3b-4fad-bcfa-997ff48bd94b,advertisement,"Rivera, Harrison and Kennedy (Mexico), Wheeler, Dyer and Simon (Mexico), Baker and Sons (Singapore), Richardson-Lozano (Australia), Simmons-Moore (Australia)",,,,,,"082 Joyce Cove
Westton, SD 34041",5.0,2000000,1.0,2.0,1983-09-03,djacobs@example.com,,Mexico,Dawn Thomas,2025-01-15,UK,Passport,d29d3043,Company Director,UK,(245)505-6726x50355,False,Salary
36ca6c24-795a-4360-a2b9-0ad7f1712ceb,a3c0ff51-a5c6-4abb-8bde-bb7aa6848bc0,607e1740-2431-45f6-b20f-315c9f13105c,POS,2024-10-17 08:16:56,957.71,GBP,5999,Dining,business,48273.9,Visa,**** **** **** 5060,08/34,HSBC,Dawn Thomas,272cd929-0dee-44b8-8e4e-242a4b709561,"Olson, Luna and Hughes","{'city': 'West Lesliebury', 'state': 'OK', 'country': 'UK'}",T8399,NFC,POS,"{'latitude': Decimal('-85.7087315'), 'longitude': Decimal('-79.272795')}",792638,PIN,,14,approved,,,5,,,,6ba32ca7-7c3e-4bc7-8fd3-c02712c54428,direct,"Rivera, Harrison and Kennedy (Mexico), Wheeler, Dyer and Simon (Mexico), Baker and Sons (Singapore), Richardson-Lozano (Australia), Simmons-Moore (Australia)",,,,,,"082 Joyce Cove
Westton, SD 34041",5.0,2000000,5.0,5.0,1983-09-03,djacobs@example.com,,Mexico,Dawn Thomas,2025-01-15,UK,Passport,d29d3043,Company Director,UK,(245)505-6726x50355,False,Salary
239725c0-4f8c-41b1-bf7c-78b0608511e6,a3c0ff51-a5c6-4abb-8bde-bb7aa6848bc0,0b9e9725-0793-434f-9911-fc347cfcde9a,POS,2024-06-04 07:14:35,3816.48,GBP,5812,Fuel,business,28421.55,Visa,**** **** **** 8610,01/28,Barclays,Dawn Thomas,32f0bf8e-0090-46d1-b895-cdf4a4b77d6b,"Roberson, Watkins and Lloyd","{'city': 'Lisaside', 'state': 'NV', 'country': 'UK'}",T4193,NFC,POS,"{'latitude': Decimal('9.422960'), 'longitude': Decimal('-98.652253')}",921931,PIN,,25,approved,,,0,,,,396dbea5-16bc-457e-ae3d-91acdd0a9a87,direct,"Rivera, Harrison and Kennedy (Mexico), Wheeler, Dyer and Simon (Mexico), Baker and Sons (Singapore), Richardson-Lozano (Australia), Simmons-Moore (Australia)",,,,,,"082 Joyce Cove
Westton, SD 34041",5.0,2000000,2.0,3.0,1983-09-03,djacobs@example.com,,Mexico,Dawn Thomas,2025-01-15,UK,Passport,d29d3043,Company Director,UK,(245)505-6726x50355,False,Salary
b7c3120f-d7c6-444a-9f8e-f64e7f6a0621,a3c0ff51-a5c6-4abb-8bde-bb7aa6848bc0,0b9e9725-0793-434f-9911-fc347cfcde9a,POS,2024-10-31 02:31:54,4517.94,GBP,5999,Fuel,business,49775.38,Visa,**** **** **** 4739,11/27,Barclays,Dawn Thomas,dca76e57-cc4e-4534-8aad-ad578ae6e579,Jones Inc,"{'city': 'New Lisa', 'state': 'ND', 'country': 'UK'}",T2785,chip,POS,"{'latitude': Decimal('83.2247985'), 'longitude': Decimal('-74.823881')}",145923,PIN,,20,approved,,,5,,,,3b0454c5-e06a-45b5-a938-90e818b89726,advertisement,"Rivera, Harrison and Kennedy (Mexico), Wheeler, Dyer and Simon (Mexico), Baker and Sons (Singapore), Richardson-Lozano (Australia), Simmons-Moore (Australia)",,,,,,"082 Joyce Cove
Westton, SD 34041",5.0,2000000,0.0,5.0,1983-09-03,djacobs@example.com,,Mexico,Dawn Thomas,2025-01-15,UK,Passport,d29d3043,Company Director,UK,(245)505-6726x50355,False,Salary
fa08e943-ab5c-4174-8297-66558da061ac,a3c0ff51-a5c6-4abb-8bde-bb7aa6848bc0,607e1740-2431-45f6-b20f-315c9f13105c,POS,2024-09-20 07:44:34,576.91,GBP,5812,Office Supplies,business,7055.77,Visa,**** **** **** 5758,04/34,HSBC,Dawn Thomas,55c192ea-dc7c-43da-a7db-f38164188429,Randall-Davis,"{'city': 'Lake Douglasview', 'state': 'MI', 'country': 'UK'}",T9034,swipe,POS,"{'latitude': Decimal('70.5951775'), 'longitude': Decimal('-13.913815')}",706254,PIN,,20,approved,,,5,,,,8783068f-3393-4a9f-b6d4-585a221a7428,advertisement,"Rivera, Harrison and Kennedy (Mexico), Wheeler, Dyer and Simon (Mexico), Baker and Sons (Singapore), Richardson-Lozano (Australia), Simmons-Moore (Australia)",,,,,,"082 Joyce Cove
Westton, SD 34041",5.0,2000000,3.0,5.0,1983-09-03,djacobs@example.com,,Mexico,Dawn Thomas,2025-01-15,UK,Passport,d29d3043,Company Director,UK,(245)505-6726x50355,False,Salary
739ae11d-ce3f-4f4a-a507-34cd40baab2a,a3c0ff51-a5c6-4abb-8bde-bb7aa6848bc0,0b9e9725-0793-434f-9911-fc347cfcde9a,POS,2024-08-31 19:09:03,1895.1,GBP,5812,Office Supplies,business,6996.82,Visa,**** **** **** 9912,05/34,Barclays,Dawn Thomas,d646cea8-a260-4445-b7c7-4d74a3244e67,Walker-Cruz,"{'city': 'Davidview', 'state': 'MD', 'country': 'UK'}",T2613,NFC,POS,"{'latitude': Decimal('21.675669'), 'longitude': Decimal('-116.839903')}",854021,PIN,,11,approved,,,5,,,,1e56f3b1-ada7-47e8-92ca-2931c35734d5,advertisement,"Rivera, Harrison and Kennedy (Mexico), Wheeler, Dyer and Simon (Mexico), Baker and Sons (Singapore), Richardson-Lozano (Australia), Simmons-Moore (Australia)",,,,,,"082 Joyce Cove
Westton, SD 34041",5.0,2000000,5.0,0.0,1983-09-03,djacobs@example.com,,Mexico,Dawn Thomas,2025-01-15,UK,Passport,d29d3043,Company Director,UK,(245)505-6726x50355,False,Salary
7997cc8f-01a0-4611-8ca6-f571ac6254ee,a3c0ff51-a5c6-4abb-8bde-bb7aa6848bc0,607e1740-2431-45f6-b20f-315c9f13105c,POS,2024-06-02 06:47:52,3987.02,GBP,5999,Fuel,business,46867.12,Visa,**** **** **** 2815,07/34,HSBC,Dawn Thomas,c6c6f780-269a-4739-aed3-ca85a8a519dc,"Mills, Benson and Jimenez","{'city': 'West Sharonville', 'state': 'ND', 'country': 'UK'}",T9481,NFC,POS,"{'latitude': Decimal('-47.834160'), 'longitude': Decimal('171.238795')}",270496,PIN,,22,approved,,,3,,,,4da2b742-0cef-4c88-87d4-5bd7b031006b,advertisement,"Rivera, Harrison and Kennedy (Mexico), Wheeler, Dyer and Simon (Mexico), Baker and Sons (Singapore), Richardson-Lozano (Australia), Simmons-Moore (Australia)",,,,,,"082 Joyce Cove
Westton, SD 34041",5.0,2000000,5.0,5.0,1983-09-03,djacobs@example.com,,Mexico,Dawn Thomas,2025-01-15,UK,Passport,d29d3043,Company Director,UK,(245)505-6726x50355,False,Salary
3f637b54-c0d2-4e2c-ad3d-63c4d0c5bdcb,a3c0ff51-a5c6-4abb-8bde-bb7aa6848bc0,607e1740-2431-45f6-b20f-315c9f13105c,POS,2024-07-26 21:32:54,3758.76,GBP,5411,Fuel,business,6505.9,Visa,**** **** **** 4079,10/33,HSBC,Dawn Thomas,f16904d5-a4bb-4575-85f6-f17f789383a3,"Dodson, Wallace and Jackson","{'city': 'South Maryborough', 'state': 'AL', 'country': 'UK'}",T2298,swipe,POS,"{'latitude': Decimal('33.0287115'), 'longitude': Decimal('37.906175')}",443133,PIN,,14,approved,,,4,,,,212cbc51-72c5-4bfc-be92-4f834b268828,direct,"Rivera, Harrison and Kennedy (Mexico), Wheeler, Dyer and Simon (Mexico), Baker and Sons (Singapore), Richardson-Lozano (Australia), Simmons-Moore (Australia)",,,,,,"082 Joyce Cove
Westton, SD 34041",5.0,2000000,3.0,1.0,1983-09-03,djacobs@example.com,,Mexico,Dawn Thomas,2025-01-15,UK,Passport,d29d3043,Company Director,UK,(245)505-6726x50355,False,Salary
91548f10-aade-4c67-ab8b-2fc2e340204b,a3c0ff51-a5c6-4abb-8bde-bb7aa6848bc0,0b9e9725-0793-434f-9911-fc347cfcde9a,POS,2024-08-15 12:26:33,2836.46,GBP,5999,Office Supplies,business,38943.59,Visa,**** **** **** 3082,07/31,Barclays,Dawn Thomas,9325a728-6cd2-484a-a17d-1778d2d7e2a0,"Foley, Barton and Torres","{'city': 'West Sean', 'state': 'VT', 'country': 'UK'}",T1797,swipe,POS,"{'latitude': Decimal('-44.319014'), 'longitude': Decimal('-157.171551')}",230304,PIN,,28,approved,,,2,,,,f1357412-a69e-43d5-b56b-0e583d5e2bd3,direct,"Rivera, Harrison and Kennedy (Mexico), Wheeler, Dyer and Simon (Mexico), Baker and Sons (Singapore), Richardson-Lozano (Australia), Simmons-Moore (Australia)",,,,,,"082 Joyce Cove
Westton, SD 34041",5.0,2000000,0.0,5.0,1983-09-03,djacobs@example.com,,Mexico,Dawn Thomas,2025-01-15,UK,Passport,d29d3043,Company Director,UK,(245)505-6726x50355,False,Salary
06d5efbd-53df-44c4-8412-9543c668ea8f,a3c0ff51-a5c6-4abb-8bde-bb7aa6848bc0,0b9e9725-0793-434f-9911-fc347cfcde9a,POS,2024-11-06 15:51:12,4376.43,GBP,5999,Office Supplies,business,49504.52,Visa,**** **** **** 6681,10/31,Barclays,Dawn Thomas,50e85c03-8f73-4f8b-970b-5b4f96e55328,Hensley-Matthews,"{'city': 'East Maxwellhaven', 'state': 'VA', 'country': 'UK'}",T9117,swipe,POS,"{'latitude': Decimal('9.1803105'), 'longitude': Decimal('-52.779020')}",744854,PIN,,25,approved,,,2,,,,9c7a306c-ef49-4afd-96a0-91f8e8424a05,direct,"Rivera, Harrison and Kennedy (Mexico), Wheeler, Dyer and Simon (Mexico), Baker and Sons (Singapore), Richardson-Lozano (Australia), Simmons-Moore (Australia)",,,,,,"082 Joyce Cove
Westton, SD 34041",5.0,2000000,4.0,5.0,1983-09-03,djacobs@example.com,,Mexico,Dawn Thomas,2025-01-15,UK,Passport,d29d3043,Company Director,UK,(245)505-6726x50355,False,Salary
4944d988-db13-41b1-8ec3-9bbd60217dab,a3c0ff51-a5c6-4abb-8bde-bb7aa6848bc0,0b9e9725-0793-434f-9911-fc347cfcde9a,POS,2024-08-26 14:36:03,927.06,GBP,5411,Office Supplies,business,30394.63,Visa,**** **** **** 2684,01/25,Barclays,Dawn Thomas,35682bfb-3538-47b2-ac7a-990ec4600dfa,Campbell Ltd,"{'city': 'South Spencer', 'state': 'WI', 'country': 'UK'}",T4921,chip,POS,"{'latitude': Decimal('25.186262'), 'longitude': Decimal('-41.509781')}",512181,PIN,,17,approved,,,1,,,,e2463b9c-5bec-4888-9884-3e299c7a6cef,advertisement,"Rivera, Harrison and Kennedy (Mexico), Wheeler, Dyer and Simon (Mexico), Baker and Sons (Singapore), Richardson-Lozano (Australia), Simmons-Moore (Australia)",,,,,,"082 Joyce Cove
Westton, SD 34041",5.0,2000000,0.0,3.0,1983-09-03,djacobs@example.com,,Mexico,Dawn Thomas,2025-01-15,UK,Passport,d29d3043,Company Director,UK,(245)505-6726x50355,False,Salary
73b82581-2200-4f9d-8b4f-f916aac521a9,a3c0ff51-a5c6-4abb-8bde-bb7aa6848bc0,607e1740-2431-45f6-b20f-315c9f13105c,POS,2024-07-11 11:07:37,1516.92,GBP,5812,Dining,business,45869.77,Visa,**** **** **** 4152,02/34,HSBC,Dawn Thomas,6df33207-2510-454c-aec0-549ef389b3f7,Cervantes-Anderson,"{'city': 'Rodriguezhaven', 'state': 'MT', 'country': 'UK'}",T6453,NFC,POS,"{'latitude': Decimal('2.762670'), 'longitude': Decimal('103.403566')}",522402,PIN,,14,approved,,,4,,,,bd3e5709-3ce9-4502-b08d-3f6254de4bf3,advertisement,"Rivera, Harrison and Kennedy (Mexico), Wheeler, Dyer and Simon (Mexico), Baker and Sons (Singapore), Richardson-Lozano (Australia), Simmons-Moore (Australia)",,,,,,"082 Joyce Cove
Westton, SD 34041",5.0,2000000,3.0,1.0,1983-09-03,djacobs@example.com,,Mexico,Dawn Thomas,2025-01-15,UK,Passport,d29d3043,Company Director,UK,(245)505-6726x50355,False,Salary
e6fcacaa-467d-4681-ad9d-2cf0d04daf95,a3c0ff51-a5c6-4abb-8bde-bb7aa6848bc0,0b9e9725-0793-434f-9911-fc347cfcde9a,POS,2024-10-11 06:30:19,2122.15,GBP,5411,Office Supplies,business,41426.5,Visa,**** **** **** 2195,11/27,Barclays,Dawn Thomas,ed812e1f-4b2c-4a9b-8ff3-06db467748ed,"Kirby, Williams and Rivas","{'city': 'Paynefurt', 'state': 'OR', 'country': 'UK'}",T2158,NFC,POS,"{'latitude': Decimal('-84.000826'), 'longitude': Decimal('-50.920090')}",274944,PIN,,13,approved,,,3,,,,fd65653d-96cb-4146-8f6e-32d2f3f1e3d3,direct,"Rivera, Harrison and Kennedy (Mexico), Wheeler, Dyer and Simon (Mexico), Baker and Sons (Singapore), Richardson-Lozano (Australia), Simmons-Moore (Australia)",,,,,,"082 Joyce Cove
Westton, SD 34041",5.0,2000000,1.0,3.0,1983-09-03,djacobs@example.com,,Mexico,Dawn Thomas,2025-01-15,UK,Passport,d29d3043,Company Director,UK,(245)505-6726x50355,False,Salary
efb59e65-3479-4136-b531-e4b4556f61b4,a3c0ff51-a5c6-4abb-8bde-bb7aa6848bc0,0b9e9725-0793-434f-9911-fc347cfcde9a,POS,2024-07-09 23:35:39,3258.84,GBP,5411,Dining,business,11906.9,Visa,**** **** **** 2969,12/29,Barclays,Dawn Thomas,0e43f60e-5454-4b4d-8cea-cda27fe01868,Tran PLC,"{'city': 'Meganport', 'state': 'NY', 'country': 'UK'}",T5147,NFC,POS,"{'latitude': Decimal('11.753724'), 'longitude': Decimal('130.648624')}",759748,PIN,,23,approved,,,5,,,,aa30e1c8-31ec-4e0c-8db2-446accb54aeb,advertisement,"Rivera, Harrison and Kennedy (Mexico), Wheeler, Dyer and Simon (Mexico), Baker and Sons (Singapore), Richardson-Lozano (Australia), Simmons-Moore (Australia)",,,,,,"082 Joyce Cove
Westton, SD 34041",5.0,2000000,0.0,1.0,1983-09-03,djacobs@example.com,,Mexico,Dawn Thomas,2025-01-15,UK,Passport,d29d3043,Company Director,UK,(245)505-6726x50355,False,Salary
7e25e38d-ab1d-405e-88a0-5a73d474125c,a3c0ff51-a5c6-4abb-8bde-bb7aa6848bc0,607e1740-2431-45f6-b20f-315c9f13105c,POS,2024-09-04 21:53:33,4167.08,GBP,5999,Fuel,business,32681.25,Visa,**** **** **** 5782,11/30,HSBC,Dawn Thomas,a2f98931-80bc-413a-9f60-7e09ad6060f8,"Turner, Murphy and Bell","{'city': 'Turnerstad', 'state': 'WY', 'country': 'UK'}",T3450,swipe,POS,"{'latitude': Decimal('-19.1697485'), 'longitude': Decimal('169.319067')}",459393,PIN,,24,approved,,,1,,,,2e82bac0-9e3d-4a7c-9bd1-0f6ceb0f42bd,direct,"Rivera, Harrison and Kennedy (Mexico), Wheeler, Dyer and Simon (Mexico), Baker and Sons (Singapore), Richardson-Lozano (Australia), Simmons-Moore (Australia)",,,,,,"082 Joyce Cove
Westton, SD 34041",5.0,2000000,2.0,2.0,1983-09-03,djacobs@example.com,,Mexico,Dawn Thomas,2025-01-15,UK,Passport,d29d3043,Company Director,UK,(245)505-6726x50355,False,Salary
1c54cb26-a849-4b3b-b9aa-d01d0a981674,a3c0ff51-a5c6-4abb-8bde-bb7aa6848bc0,0b9e9725-0793-434f-9911-fc347cfcde9a,POS,2024-07-29 22:07:42,2856.24,GBP,5812,Fuel,business,7756.29,Visa,**** **** **** 7057,09/25,Barclays,Dawn Thomas,6cfd4e93-4a91-4fc5-b7ea-e4329817250f,"Adams, Farrell and Keith","{'city': 'Michaelland', 'state': 'IA', 'country': 'UK'}",T8599,chip,POS,"{'latitude': Decimal('-8.791748'), 'longitude': Decimal('157.621353')}",899138,PIN,,21,approved,,,3,,,,4d787fc7-35b8-41de-b3ec-254988eae9a5,direct,"Rivera, Harrison and Kennedy (Mexico), Wheeler, Dyer and Simon (Mexico), Baker and Sons (Singapore), Richardson-Lozano (Australia), Simmons-Moore (Australia)",,,,,,"082 Joyce Cove
Westton, SD 34041",5.0,2000000,4.0,4.0,1983-09-03,djacobs@example.com,,Mexico,Dawn Thomas,2025-01-15,UK,Passport,d29d3043,Company Director,UK,(245)505-6726x50355,False,Salary
a5437790-47d1-480d-80f9-31b4c75a7401,a3c0ff51-a5c6-4abb-8bde-bb7aa6848bc0,0b9e9725-0793-434f-9911-fc347cfcde9a,POS,2024-08-14 22:03:07,3284.78,GBP,5411,Office Supplies,business,13117.62,Visa,**** **** **** 3885,03/26,Barclays,Dawn Thomas,7dc6391d-ea62-495c-be87-3baada441a43,"Fuller, Flores and Stanton","{'city': 'Lake Laurenborough', 'state': 'HI', 'country': 'UK'}",T5512,chip,POS,"{'latitude': Decimal('-61.3574395'), 'longitude': Decimal('123.078592')}",774788,PIN,,17,approved,,,4,,,,ad902b11-0129-42ab-a1ff-a7ebd8b5fbb3,direct,"Rivera, Harrison and Kennedy (Mexico), Wheeler, Dyer and Simon (Mexico), Baker and Sons (Singapore), Richardson-Lozano (Australia), Simmons-Moore (Australia)",,,,,,"082 Joyce Cove
Westton, SD 34041",5.0,2000000,0.0,1.0,1983-09-03,djacobs@example.com,,Mexico,Dawn Thomas,2025-01-15,UK,Passport,d29d3043,Company Director,UK,(245)505-6726x50355,False,Salary
3b6d935f-305c-4146-a0e5-cafb405b0f7b,a3c0ff51-a5c6-4abb-8bde-bb7aa6848bc0,0b9e9725-0793-434f-9911-fc347cfcde9a,POS,2024-10-04 11:04:12,4030.88,GBP,5411,Dining,business,16138.84,Visa,**** **** **** 9202,03/29,Barclays,Dawn Thomas,704eb504-1b39-41d0-a33f-f3f983bfef6c,"Brady, Mitchell and Reyes","{'city': 'Salazarport', 'state': 'IA', 'country': 'UK'}",T4930,NFC,POS,"{'latitude': Decimal('-81.381717'), 'longitude': Decimal('107.286952')}",399637,PIN,,18,approved,,,3,,,,80911f35-298c-4044-946f-dad8ba8b1f12,advertisement,"Rivera, Harrison and Kennedy (Mexico), Wheeler, Dyer and Simon (Mexico), Baker and Sons (Singapore), Richardson-Lozano (Australia), Simmons-Moore (Australia)",,,,,,"082 Joyce Cove
Westton, SD 34041",5.0,2000000,5.0,4.0,1983-09-03,djacobs@example.com,,Mexico,Dawn Thomas,2025-01-15,UK,Passport,d29d3043,Company Director,UK,(245)505-6726x50355,False,Salary
6729b5f7-7378-442f-8cb1-a7f43ca2869d,a3c0ff51-a5c6-4abb-8bde-bb7aa6848bc0,607e1740-2431-45f6-b20f-315c9f13105c,POS,2024-08-12 22:23:20,381.36,GBP,5999,Dining,business,18393.59,Visa,**** **** **** 8556,04/34,HSBC,Dawn Thomas,fc86fd12-ce06-4ff5-a549-3b3546a39638,Marquez Inc,"{'city': 'East Michelle', 'state': 'ME', 'country': 'UK'}",T9850,chip,POS,"{'latitude': Decimal('-88.444526'), 'longitude': Decimal('-100.045820')}",324474,PIN,,27,approved,,,2,,,,124000b2-3f53-42c2-900d-ac72cf679c2f,direct,"Rivera, Harrison and Kennedy (Mexico), Wheeler, Dyer and Simon (Mexico), Baker and Sons (Singapore), Richardson-Lozano (Australia), Simmons-Moore (Australia)",,,,,,"082 Joyce Cove
Westton, SD 34041",5.0,2000000,2.0,1.0,1983-09-03,djacobs@example.com,,Mexico,Dawn Thomas,2025-01-15,UK,Passport,d29d3043,Company Director,UK,(245)505-6726x50355,False,Salary
3f3d687a-0bee-4719-a0c5-67c204c1d3d1,a3c0ff51-a5c6-4abb-8bde-bb7aa6848bc0,0b9e9725-0793-434f-9911-fc347cfcde9a,POS,2024-09-24 19:12:42,4160.65,GBP,5812,Fuel,business,9719.16,Visa,**** **** **** 4675,03/28,Barclays,Dawn Thomas,173d0ef6-3925-46ee-8aec-5baad9c0bfc2,"Cruz, Gutierrez and Carter","{'city': 'Rodriguezfort', 'state': 'IN', 'country': 'UK'}",T6655,NFC,POS,"{'latitude': Decimal('-0.422435'), 'longitude': Decimal('-79.036017')}",540499,PIN,,20,approved,,,1,,,,0262d5ec-7411-4e35-8abc-99dddbc97351,advertisement,"Rivera, Harrison and Kennedy (Mexico), Wheeler, Dyer and Simon (Mexico), Baker and Sons (Singapore), Richardson-Lozano (Australia), Simmons-Moore (Australia)",,,,,,"082 Joyce Cove
Westton, SD 34041",5.0,2000000,0.0,5.0,1983-09-03,djacobs@example.com,,Mexico,Dawn Thomas,2025-01-15,UK,Passport,d29d3043,Company Director,UK,(245)505-6726x50355,False,Salary
1247583f-9c19-4e82-afc4-c11097182b84,a3c0ff51-a5c6-4abb-8bde-bb7aa6848bc0,607e1740-2431-45f6-b20f-315c9f13105c,POS,2024-09-20 08:58:49,1081.61,GBP,5999,Fuel,business,39280.76,Visa,**** **** **** 5894,01/26,HSBC,Dawn Thomas,e367aa56-2c07-4d59-b023-f96cc368d148,"Thompson, Garcia and Best","{'city': 'Dianaport', 'state': 'FL', 'country': 'UK'}",T6328,swipe,POS,"{'latitude': Decimal('-17.286221'), 'longitude': Decimal('-95.874285')}",220424,PIN,,23,approved,,,3,,,,f9d15b8a-f929-47ab-8355-7ae8498ab7c3,direct,"Rivera, Harrison and Kennedy (Mexico), Wheeler, Dyer and Simon (Mexico), Baker and Sons (Singapore), Richardson-Lozano (Australia), Simmons-Moore (Australia)",,,,,,"082 Joyce Cove
Westton, SD 34041",5.0,2000000,4.0,5.0,1983-09-03,djacobs@example.com,,Mexico,Dawn Thomas,2025-01-15,UK,Passport,d29d3043,Company Director,UK,(245)505-6726x50355,False,Salary
93f7df64-f45c-4e74-a7dd-d96e1c867beb,a3c0ff51-a5c6-4abb-8bde-bb7aa6848bc0,607e1740-2431-45f6-b20f-315c9f13105c,POS,2024-06-12 03:12:28,177.65,GBP,5812,Fuel,business,12200.94,Visa,**** **** **** 7311,03/31,HSBC,Dawn Thomas,f58d7f10-6b11-4cce-be67-c2e77adb5200,Frank-Wilson,"{'city': 'Ruizbury', 'state': 'MI', 'country': 'UK'}",T4553,chip,POS,"{'latitude': Decimal('66.7010695'), 'longitude': Decimal('100.302433')}",964897,PIN,,30,approved,,,0,,,,151edc0e-c16b-41d0-9b28-ea1bdddc9c09,direct,"Rivera, Harrison and Kennedy (Mexico), Wheeler, Dyer and Simon (Mexico), Baker and Sons (Singapore), Richardson-Lozano (Australia), Simmons-Moore (Australia)",,,,,,"082 Joyce Cove
Westton, SD 34041",5.0,2000000,1.0,5.0,1983-09-03,djacobs@example.com,,Mexico,Dawn Thomas,2025-01-15,UK,Passport,d29d3043,Company Director,UK,(245)505-6726x50355,False,Salary
5ebc66b1-25d7-453d-a6ab-d8bd8cc98188,a3c0ff51-a5c6-4abb-8bde-bb7aa6848bc0,607e1740-2431-45f6-b20f-315c9f13105c,POS,2024-09-08 06:43:46,4112.01,GBP,5812,Dining,business,41905.52,Visa,**** **** **** 2879,02/26,HSBC,Dawn Thomas,d0f61519-d6fa-4053-a9ac-dc8c28ecb358,"Simmons, Jones and Anderson","{'city': 'Marissaborough', 'state': 'MH', 'country': 'UK'}",T2225,chip,POS,"{'latitude': Decimal('-61.863002'), 'longitude': Decimal('-159.405461')}",593975,PIN,,10,approved,,,5,,,,8a7e88b2-2304-465e-8c35-e380e4f75546,advertisement,"Rivera, Harrison and Kennedy (Mexico), Wheeler, Dyer and Simon (Mexico), Baker and Sons (Singapore), Richardson-Lozano (Australia), Simmons-Moore (Australia)",,,,,,"082 Joyce Cove
Westton, SD 34041",5.0,2000000,5.0,0.0,1983-09-03,djacobs@example.com,,Mexico,Dawn Thomas,2025-01-15,UK,Passport,d29d3043,Company Director,UK,(245)505-6726x50355,False,Salary
8bfbaf47-8369-4898-b0a7-02b2d7b9d8de,a3c0ff51-a5c6-4abb-8bde-bb7aa6848bc0,607e1740-2431-45f6-b20f-315c9f13105c,POS,2024-10-02 06:42:01,2563.85,GBP,5999,Office Supplies,business,35486.23,Visa,**** **** **** 1706,06/30,HSBC,Dawn Thomas,83317c64-1b48-4d70-a24d-4e9760b4e8ca,"Keller, Mcdonald and Walker","{'city': 'Lake Derek', 'state': 'PW', 'country': 'UK'}",T4026,chip,POS,"{'latitude': Decimal('88.6366055'), 'longitude': Decimal('-176.177173')}",553175,PIN,,21,approved,,,0,,,,9e698fac-4435-4550-a780-4e5dbe200c13,direct,"Rivera, Harrison and Kennedy (Mexico), Wheeler, Dyer and Simon (Mexico), Baker and Sons (Singapore), Richardson-Lozano (Australia), Simmons-Moore (Australia)",,,,,,"082 Joyce Cove
Westton, SD 34041",5.0,2000000,0.0,4.0,1983-09-03,djacobs@example.com,,Mexico,Dawn Thomas,2025-01-15,UK,Passport,d29d3043,Company Director,UK,(245)505-6726x50355,False,Salary
cab1674e-bc74-485f-8cfb-246a5ca48926,a3c0ff51-a5c6-4abb-8bde-bb7aa6848bc0,0b9e9725-0793-434f-9911-fc347cfcde9a,POS,2024-11-11 05:53:58,4004.46,GBP,5411,Dining,business,43088.6,Visa,**** **** **** 6254,08/30,Barclays,Dawn Thomas,fda510ec-c439-415f-b7d8-e9f9e93d2990,"Hopkins, Turner and Dean","{'city': 'Jeffreymouth', 'state': 'WV', 'country': 'UK'}",T1766,NFC,POS,"{'latitude': Decimal('89.3839735'), 'longitude': Decimal('114.571061')}",588627,PIN,,28,approved,,,0,,,,cfb85f51-cdc3-4aa9-97ef-b971dc514618,direct,"Rivera, Harrison and Kennedy (Mexico), Wheeler, Dyer and Simon (Mexico), Baker and Sons (Singapore), Richardson-Lozano (Australia), Simmons-Moore (Australia)",,,,,,"082 Joyce Cove
Westton, SD 34041",5.0,2000000,5.0,3.0,1983-09-03,djacobs@example.com,,Mexico,Dawn Thomas,2025-01-15,UK,Passport,d29d3043,Company Director,UK,(245)505-6726x50355,False,Salary
86388c36-6efb-47fe-baed-a3a5a7a2fc1c,a3c0ff51-a5c6-4abb-8bde-bb7aa6848bc0,0b9e9725-0793-434f-9911-fc347cfcde9a,POS,2024-10-25 13:10:18,2004.37,GBP,5411,Office Supplies,business,48845.14,Visa,**** **** **** 3880,01/30,Barclays,Dawn Thomas,cca3fd70-5bb7-47ef-b171-e33eb3b74e20,"Sellers, Choi and Pham","{'city': 'Arnoldside', 'state': 'MD', 'country': 'UK'}",T2295,NFC,POS,"{'latitude': Decimal('-51.216217'), 'longitude': Decimal('-78.893846')}",483650,PIN,,23,approved,,,5,,,,50431119-3aaa-4448-98b7-fa922a5fbe4c,direct,"Rivera, Harrison and Kennedy (Mexico), Wheeler, Dyer and Simon (Mexico), Baker and Sons (Singapore), Richardson-Lozano (Australia), Simmons-Moore (Australia)",,,,,,"082 Joyce Cove
Westton, SD 34041",5.0,2000000,1.0,3.0,1983-09-03,djacobs@example.com,,Mexico,Dawn Thomas,2025-01-15,UK,Passport,d29d3043,Company Director,UK,(245)505-6726x50355,False,Salary
