transaction_id,customer_id,card_id,transaction_type,transaction_date_time,transaction_amount,currency,mcc,description,account_type,account_balance,card_type,card_number_masked,card_expiration_date,card_issuer,cardholder_name,merchant_id,merchant_name,merchant_location,merchant_terminal_id,payment_method,payment_channel,geolocation,authorization_code,authentication_method,3d_secure_status,fraud_risk_score,transaction_status,failure_reason,exchange_rate,rewards_earned,ip_address,device_id,user_agent,session_id,referral_source,kyc_full_name,kyc_date_of_birth,kyc_nationality,kyc_id_type,kyc_id_number,kyc_id_issuing_country,kyc_id_expiration_date,kyc_address,kyc_phone_number,kyc_email,kyc_occupation,kyc_employer_name,kyc_source_of_funds,kyc_annual_income_range,kyc_pep_status,kyc_aml_risk_score,sender_name,sender_account_number,sender_bank,sender_location,source
0899f11f-48ba-4b85-af71-0ba7b0bf9184,5cfdd67b-2ddd-4d90-b364-12e42de7522b,e14b99c6-59fe-45be-8d9c-ffeff3331500,POS,2024-10-15 19:50:37,671.12,GBP,5735,Restaurant,saving,9670.02,Visa,**** **** **** 4250,11/31,CitiBank,Caitlyn Larson,f4ad8ca6-b352-44e2-9ae3-605ca9e4b1ad,Baker-Hanson,"{'city': 'Williamstown', 'state': 'WY', 'country': 'UK'}",T7327,chip,POS,"{'latitude': Decimal('74.371916'), 'longitude': Decimal('12.014736')}",433066,password,,26,failed,insufficient funds,,5,,,,b65444b6-f75f-47ad-b49c-cc83dc8c8fbb,email,Caitlyn Larson,2004-02-26,Liberia,Driver's License,7b436c41,Paraguay,2033-08-22,"3922 Matthew Groves
Dannytown, IA 55833",(301)949-7666x18899,monicahuber@example.org,Glass blower/designer,Douglas Group,salary,<20k,True,67.0,,,,,
6a479aef-5aae-4619-abd4-f57662026b5f,5cfdd67b-2ddd-4d90-b364-12e42de7522b,e14b99c6-59fe-45be-8d9c-ffeff3331500,POS,2024-11-06 06:17:07,759.07,GBP,5812,Restaurant,credit,1361.35,Visa,**** **** **** 3531,07/27,CitiBank,Caitlyn Larson,16707d79-4e28-4b67-8977-2530aa3775f3,"Shelton, Adams and Maxwell","{'city': 'Melodyberg', 'state': 'PW', 'country': 'UK'}",T1265,chip,POS,"{'latitude': Decimal('66.9968025'), 'longitude': Decimal('40.282651')}",226905,password,,67,approved,insufficient funds,,8,,,,e2696bb7-e1c7-49b4-9b44-81e218ebc6d8,direct,Caitlyn Larson,2004-02-26,Liberia,Driver's License,7b436c41,Paraguay,2033-08-22,"3922 Matthew Groves
Dannytown, IA 55833",(301)949-7666x18899,monicahuber@example.org,Glass blower/designer,Douglas Group,salary,<20k,True,67.0,,,,,
8514df95-d4bd-447f-b4a3-8d99e5cf31e6,1c209e56-e485-4cbe-98e7-0c51ee825663,ddd05dc2-d5b3-4859-a369-1631018414ea,POS,2024-11-05 11:17:38,261.58,GBP,5999,Electronics,saving,1930.39,Visa,**** **** **** 8518,08/28,Bank of America,Mark Thomas,801ed577-6619-4d97-a038-271768e72505,"Barnes, Parker and Evans","{'city': 'Port Sean', 'state': 'RI', 'country': 'UK'}",T4648,swipe,POS,"{'latitude': Decimal('-42.342958'), 'longitude': Decimal('-143.631832')}",506174,biometric,,1,failed,technical error,,8,,,,7f56479e-de70-454f-ac7c-c554857f40dc,email,Mark Thomas,1951-11-11,Antarctica (the territory South of 60 deg S),Driver's License,230e18b5,Kuwait,2032-09-20,"0158 Natalie Coves Suite 189
New Ashley, IA 14944",249.624.2080,jacquelinestokes@example.com,Curator,Fisher-Wilson,investment,<20k,True,63.0,,,,,
a8893d96-8813-456e-ab94-981273f5f4d2,5cfdd67b-2ddd-4d90-b364-12e42de7522b,e14b99c6-59fe-45be-8d9c-ffeff3331500,online,2024-10-27 06:01:04,283.48,GBP,5812,Gas,saving,7264.63,Visa,**** **** **** 8389,05/30,CitiBank,Caitlyn Larson,2e782a8c-1b43-40dc-b231-e862922d567f,Edwards-Miller,"{'city': 'West Rodney', 'state': 'FM', 'country': 'UK'}",T3476,CNP,online,"{'latitude': Decimal('-62.6120965'), 'longitude': Decimal('7.667551')}",863317,PIN,Passed,62,pending,technical error,,10,32.208.143.225,ed2f0773-dfce-4967-90ce-a81d9d0d1646,Mozilla/5.0 (compatible; MSIE 7.0; Windows NT 5.1; Trident/3.0),e6628d1e-aa56-4f07-9be3-ddefbd71e93b,email,Caitlyn Larson,2004-02-26,Liberia,Driver's License,7b436c41,Paraguay,2033-08-22,"3922 Matthew Groves
Dannytown, IA 55833",(301)949-7666x18899,monicahuber@example.org,Glass blower/designer,Douglas Group,salary,<20k,True,67.0,,,,,
68449b2e-fb2c-4052-aa99-4940d909f6a4,5cfdd67b-2ddd-4d90-b364-12e42de7522b,e14b99c6-59fe-45be-8d9c-ffeff3331500,online,2024-10-29 17:05:22,30.91,GBP,5921,Electronics,credit,4441.03,Visa,**** **** **** 2030,05/29,CitiBank,Caitlyn Larson,c1c17103-3e31-4691-9650-665c2c65d19e,"Cox, Rogers and Cook","{'city': 'Jamesland', 'state': 'OR', 'country': 'UK'}",T2103,CNP,online,"{'latitude': Decimal('45.545172'), 'longitude': Decimal('-155.084348')}",216632,biometric,Passed,86,pending,fraud detected,,2,202.247.167.173,d8ab2a3d-2a53-4526-988f-44cefe16ae69,Mozilla/5.0 (compatible; MSIE 9.0; Windows 98; Win 9x 4.90; Trident/5.0),722aae0d-28fd-4633-8c31-faaed29cd56f,social media,Caitlyn Larson,2004-02-26,Liberia,Driver's License,7b436c41,Paraguay,2033-08-22,"3922 Matthew Groves
Dannytown, IA 55833",(301)949-7666x18899,monicahuber@example.org,Glass blower/designer,Douglas Group,salary,<20k,True,67.0,,,,,
ba062b26-8fb4-4eb9-9e32-6482e375fdc5,1c209e56-e485-4cbe-98e7-0c51ee825663,ddd05dc2-d5b3-4859-a369-1631018414ea,mobile_app,2024-10-29 01:06:05,558.07,GBP,5812,Clothing,debit,4058.83,Visa,**** **** **** 7574,09/29,Bank of America,Mark Thomas,801ed577-6619-4d97-a038-271768e72505,"Barnes, Parker and Evans","{'city': 'Port Sean', 'state': 'RI', 'country': 'UK'}",T4648,CNP,mobile_app,"{'latitude': Decimal('-30.0410665'), 'longitude': Decimal('-157.246304')}",977873,PIN,,45,failed,insufficient funds,,7,76.226.130.195,ed8d9184-230e-421c-8ed1-d1f37beb1776,,98b40309-c8ae-413c-94f8-241912d2c55f,referral,Mark Thomas,1951-11-11,Antarctica (the territory South of 60 deg S),Driver's License,230e18b5,Kuwait,2032-09-20,"0158 Natalie Coves Suite 189
New Ashley, IA 14944",249.624.2080,jacquelinestokes@example.com,Curator,Fisher-Wilson,investment,<20k,True,63.0,,,,,
eab6595f-6ec0-4c08-aec4-1375635bfbc7,1c209e56-e485-4cbe-98e7-0c51ee825663,ddd05dc2-d5b3-4859-a369-1631018414ea,POS,2024-10-23 17:52:33,580.4,GBP,5999,Clothing,debit,4135.6,Visa,**** **** **** 5312,12/27,Bank of America,Mark Thomas,2e782a8c-1b43-40dc-b231-e862922d567f,Edwards-Miller,"{'city': 'West Rodney', 'state': 'FM', 'country': 'UK'}",T3476,swipe,POS,"{'latitude': Decimal('-86.8847645'), 'longitude': Decimal('37.480299')}",209525,password,,34,failed,technical error,,5,,,,b9945551-5ade-4d66-b904-1964fc63a285,referral,Mark Thomas,1951-11-11,Antarctica (the territory South of 60 deg S),Driver's License,230e18b5,Kuwait,2032-09-20,"0158 Natalie Coves Suite 189
New Ashley, IA 14944",249.624.2080,jacquelinestokes@example.com,Curator,Fisher-Wilson,investment,<20k,True,63.0,,,,,
8cb10b1b-9442-4eec-afb9-5d08e138477d,1c209e56-e485-4cbe-98e7-0c51ee825663,c96430e7-fcd7-4c16-b7e5-ddc73795cbec,online,2024-10-23 11:56:34,437.6,GBP,5411,Electronics,debit,9402.39,Visa,**** **** **** 5584,09/33,CitiBank,Mark Thomas,0f148842-b4aa-4adf-abba-7d533063a7e7,"Martinez, Sullivan and Foster","{'city': 'South Kaitlyn', 'state': 'IA', 'country': 'UK'}",T2474,CNP,online,"{'latitude': Decimal('-25.556585'), 'longitude': Decimal('-50.130206')}",154618,password,Passed,59,approved,fraud detected,,6,53.192.30.56,af8d0d44-ea4f-45e5-87f1-f30a7514eb00,Mozilla/5.0 (Macintosh; U; PPC Mac OS X 10_7_9; rv:1.9.4.20) Gecko/4079-11-21 10:36:10 Firefox/3.6.6,21a0ad25-6ce8-4907-994d-f6c558bbb5ff,email,Mark Thomas,1951-11-11,Antarctica (the territory South of 60 deg S),Driver's License,230e18b5,Kuwait,2032-09-20,"0158 Natalie Coves Suite 189
New Ashley, IA 14944",249.624.2080,jacquelinestokes@example.com,Curator,Fisher-Wilson,investment,<20k,True,63.0,,,,,
73e82f20-c7e9-46ed-b11c-513d05370790,5cfdd67b-2ddd-4d90-b364-12e42de7522b,e14b99c6-59fe-45be-8d9c-ffeff3331500,online,2024-11-05 07:35:53,50.33,GBP,5999,Clothing,credit,5540.16,Visa,**** **** **** 8001,01/28,CitiBank,Caitlyn Larson,2e782a8c-1b43-40dc-b231-e862922d567f,Edwards-Miller,"{'city': 'West Rodney', 'state': 'FM', 'country': 'UK'}",T3476,CNP,online,"{'latitude': Decimal('-82.4422215'), 'longitude': Decimal('169.214352')}",486695,PIN,Failed,42,pending,,,4,188.141.118.113,6e73f05d-6538-4756-87d7-c763ef563d8b,"Mozilla/5.0 (iPod; U; CPU iPhone OS 3_3 like Mac OS X; el-CY) AppleWebKit/534.9.6 (KHTML, like Gecko) Version/3.0.5 Mobile/8B118 Safari/6534.9.6",ffcc760d-3439-4d3d-b0a4-4889eba81312,referral,Caitlyn Larson,2004-02-26,Liberia,Driver's License,7b436c41,Paraguay,2033-08-22,"3922 Matthew Groves
Dannytown, IA 55833",(301)949-7666x18899,monicahuber@example.org,Glass blower/designer,Douglas Group,salary,<20k,True,67.0,,,,,
1834b999-d565-42e9-9ba4-63268d6fb082,5cfdd67b-2ddd-4d90-b364-12e42de7522b,e14b99c6-59fe-45be-8d9c-ffeff3331500,POS,2024-10-17 10:08:40,194.58,GBP,5999,Grocery,debit,231.19,Visa,**** **** **** 7712,09/26,CitiBank,Caitlyn Larson,d9fe4d8b-0943-46ed-8efd-944f22e78654,Shelton-Walsh,"{'city': 'Cassieside', 'state': 'OR', 'country': 'UK'}",T2859,chip,POS,"{'latitude': Decimal('-46.6425345'), 'longitude': Decimal('108.426472')}",537821,biometric,,30,failed,,,0,,,,54ea0512-2021-4eed-b4fb-c400bdff047c,social media,Caitlyn Larson,2004-02-26,Liberia,Driver's License,7b436c41,Paraguay,2033-08-22,"3922 Matthew Groves
Dannytown, IA 55833",(301)949-7666x18899,monicahuber@example.org,Glass blower/designer,Douglas Group,salary,<20k,True,67.0,,,,,
ea8307d4-ee10-4cbc-a13a-11c04ce1317b,1c209e56-e485-4cbe-98e7-0c51ee825663,ddd05dc2-d5b3-4859-a369-1631018414ea,online,2024-10-30 13:37:16,55.38,GBP,5999,Gas,credit,706.21,MasterCard,**** **** **** 2489,03/32,Bank of America,Mark Thomas,2e782a8c-1b43-40dc-b231-e862922d567f,Edwards-Miller,"{'city': 'West Rodney', 'state': 'FM', 'country': 'UK'}",T3476,CNP,online,"{'latitude': Decimal('33.937478'), 'longitude': Decimal('-90.419078')}",881483,password,Passed,52,approved,insufficient funds,,2,165.58.227.188,7746a5f9-2214-4519-aba1-415621b4dad7,Mozilla/5.0 (Macintosh; PPC Mac OS X 10_9_8; rv:1.9.4.20) Gecko/6631-09-24 11:01:10 Firefox/3.8,dba6aec8-27f3-413a-b434-e751ee824a92,email,Mark Thomas,1951-11-11,Antarctica (the territory South of 60 deg S),Driver's License,230e18b5,Kuwait,2032-09-20,"0158 Natalie Coves Suite 189
New Ashley, IA 14944",249.624.2080,jacquelinestokes@example.com,Curator,Fisher-Wilson,investment,<20k,True,63.0,,,,,
67f8ae9c-ff07-484d-b9cb-feee09631b72,1c209e56-e485-4cbe-98e7-0c51ee825663,c96430e7-fcd7-4c16-b7e5-ddc73795cbec,online,2024-10-24 03:25:56,83.52,GBP,5999,Gas,credit,8887.62,Visa,**** **** **** 8876,03/34,CitiBank,Mark Thomas,f4ad8ca6-b352-44e2-9ae3-605ca9e4b1ad,Baker-Hanson,"{'city': 'Williamstown', 'state': 'WY', 'country': 'UK'}",T7327,CNP,online,"{'latitude': Decimal('-11.0279095'), 'longitude': Decimal('-143.412913')}",211483,password,Failed,28,failed,fraud detected,,8,113.176.239.203,191d8915-bb1e-48f1-b6e3-5442d6229fa6,"Mozilla/5.0 (Windows; U; Windows 95) AppleWebKit/535.26.7 (KHTML, like Gecko) Version/4.0.4 Safari/535.26.7",89cf872d-709e-45a9-9559-1c93acc90f7e,direct,Mark Thomas,1951-11-11,Antarctica (the territory South of 60 deg S),Driver's License,230e18b5,Kuwait,2032-09-20,"0158 Natalie Coves Suite 189
New Ashley, IA 14944",249.624.2080,jacquelinestokes@example.com,Curator,Fisher-Wilson,investment,<20k,True,63.0,,,,,
ba1ab7f7-d27d-41de-8d8c-a6a0f20cc7e9,1c209e56-e485-4cbe-98e7-0c51ee825663,c96430e7-fcd7-4c16-b7e5-ddc73795cbec,POS,2024-10-22 02:33:03,138.04,GBP,5921,Clothing,debit,4295.0,Visa,**** **** **** 4093,05/34,CitiBank,Mark Thomas,801ed577-6619-4d97-a038-271768e72505,"Barnes, Parker and Evans","{'city': 'Port Sean', 'state': 'RI', 'country': 'UK'}",T4648,swipe,POS,"{'latitude': Decimal('40.178814'), 'longitude': Decimal('136.897849')}",859506,PIN,,17,failed,fraud detected,,6,,,,a15b204e-4406-48f1-a266-ddea4dc2153e,social media,Mark Thomas,1951-11-11,Antarctica (the territory South of 60 deg S),Driver's License,230e18b5,Kuwait,2032-09-20,"0158 Natalie Coves Suite 189
New Ashley, IA 14944",249.624.2080,jacquelinestokes@example.com,Curator,Fisher-Wilson,investment,<20k,True,63.0,,,,,
a0ac8fb7-db45-4119-ae21-e993909b6928,5cfdd67b-2ddd-4d90-b364-12e42de7522b,e14b99c6-59fe-45be-8d9c-ffeff3331500,POS,2024-10-30 17:22:49,56.24,GBP,5411,Gas,credit,8839.06,MasterCard,**** **** **** 9104,05/31,CitiBank,Caitlyn Larson,0f148842-b4aa-4adf-abba-7d533063a7e7,"Martinez, Sullivan and Foster","{'city': 'South Kaitlyn', 'state': 'IA', 'country': 'UK'}",T2474,NFC,POS,"{'latitude': Decimal('-35.1743895'), 'longitude': Decimal('136.596829')}",648102,PIN,,37,pending,insufficient funds,,2,,,,1e2845bd-243d-4492-be1e-306897ede001,referral,Caitlyn Larson,2004-02-26,Liberia,Driver's License,7b436c41,Paraguay,2033-08-22,"3922 Matthew Groves
Dannytown, IA 55833",(301)949-7666x18899,monicahuber@example.org,Glass blower/designer,Douglas Group,salary,<20k,True,67.0,,,,,
37af943f-2587-402c-98ff-a17dc5de4d26,1c209e56-e485-4cbe-98e7-0c51ee825663,c96430e7-fcd7-4c16-b7e5-ddc73795cbec,online,2024-11-08 23:43:54,454.62,GBP,5999,Restaurant,credit,9270.27,Visa,**** **** **** 7416,04/34,CitiBank,Mark Thomas,b763601e-e812-4185-8003-8d7167925f34,Jones-Dunn,"{'city': 'East Craig', 'state': 'IA', 'country': 'UK'}",T6094,CNP,online,"{'latitude': Decimal('16.866190'), 'longitude': Decimal('-58.506378')}",239581,PIN,Failed,18,approved,fraud detected,,7,83.217.34.34,6b8046cb-10aa-4981-8d61-22a5b706948f,"Mozilla/5.0 (iPad; CPU iPad OS 16_7_7 like Mac OS X) AppleWebKit/534.0 (KHTML, like Gecko) FxiOS/14.1h1037.0 Mobile/58O355 Safari/534.0",88389736-d864-4170-bda9-eacba5052f72,email,Mark Thomas,1951-11-11,Antarctica (the territory South of 60 deg S),Driver's License,230e18b5,Kuwait,2032-09-20,"0158 Natalie Coves Suite 189
New Ashley, IA 14944",249.624.2080,jacquelinestokes@example.com,Curator,Fisher-Wilson,investment,<20k,True,63.0,,,,,
be015919-bbec-4fac-b8a9-b21a648ddbc0,1c209e56-e485-4cbe-98e7-0c51ee825663,ddd05dc2-d5b3-4859-a369-1631018414ea,inbound,2024-10-20 08:03:25,492.48,GBP,,Inbound Payment,,3439.5,,,,,,,,,,,bank_transfer,,,,,0,approved,,,0,,,,,,,,,,,,,,,,,,,,,,Andrew Turner,****4240,Chase,"{'city': 'Brianaberg', 'state': 'OR', 'country': 'Sweden'}",gift
e71cf0cc-2abb-4553-a768-40090541d50d,5cfdd67b-2ddd-4d90-b364-12e42de7522b,e14b99c6-59fe-45be-8d9c-ffeff3331500,online,2024-10-18 20:47:05,141.63,GBP,5735,Gas,debit,1191.96,Visa,**** **** **** 4920,01/32,CitiBank,Caitlyn Larson,b763601e-e812-4185-8003-8d7167925f34,Jones-Dunn,"{'city': 'East Craig', 'state': 'IA', 'country': 'UK'}",T6094,CNP,online,"{'latitude': Decimal('-38.793853'), 'longitude': Decimal('118.947623')}",986057,password,Passed,35,pending,technical error,,5,29.221.9.18,2cbcbc6e-df6b-43ed-b5dc-57bb068bcbb7,Mozilla/5.0 (compatible; MSIE 8.0; Windows NT 11.0; Trident/3.0),4e084e65-70d6-4f45-8105-e2f6d4501cc8,direct,Caitlyn Larson,2004-02-26,Liberia,Driver's License,7b436c41,Paraguay,2033-08-22,"3922 Matthew Groves
Dannytown, IA 55833",(301)949-7666x18899,monicahuber@example.org,Glass blower/designer,Douglas Group,salary,<20k,True,67.0,,,,,
2166f059-5103-4ddf-89e4-a641de8abccc,5cfdd67b-2ddd-4d90-b364-12e42de7522b,e14b99c6-59fe-45be-8d9c-ffeff3331500,online,2024-10-30 23:44:19,567.76,GBP,5812,Electronics,debit,2182.07,Visa,**** **** **** 1118,01/33,CitiBank,Caitlyn Larson,801ed577-6619-4d97-a038-271768e72505,"Barnes, Parker and Evans","{'city': 'Port Sean', 'state': 'RI', 'country': 'UK'}",T4648,CNP,online,"{'latitude': Decimal('-88.987301'), 'longitude': Decimal('-84.393011')}",642462,biometric,Failed,10,pending,fraud detected,,8,76.94.115.2,8f1bb783-e882-4c45-9714-030bd2b99695,Mozilla/5.0 (compatible; MSIE 5.0; Windows 98; Win 9x 4.90; Trident/4.1),dd2e97b4-63ce-4a6f-a578-c9dd34f902f7,email,Caitlyn Larson,2004-02-26,Liberia,Driver's License,7b436c41,Paraguay,2033-08-22,"3922 Matthew Groves
Dannytown, IA 55833",(301)949-7666x18899,monicahuber@example.org,Glass blower/designer,Douglas Group,salary,<20k,True,67.0,,,,,
cdc66c95-eeda-49c0-b8ff-401d6b8a63d7,1c209e56-e485-4cbe-98e7-0c51ee825663,ddd05dc2-d5b3-4859-a369-1631018414ea,inbound,2024-11-13 07:37:52,33.19,GBP,,Inbound Payment,,6458.27,,,,,,,,,,,bank_transfer,,,,,0,approved,,,0,,,,,,,,,,,,,,,,,,,,,,John Holden,****4750,Bank of America,"{'city': 'Nicoleside', 'state': 'WV', 'country': 'Belarus'}",loan
8c485169-ad3a-41b1-9fa3-d61d934849fb,1c209e56-e485-4cbe-98e7-0c51ee825663,ddd05dc2-d5b3-4859-a369-1631018414ea,mobile_app,2024-10-31 21:14:14,10.13,GBP,5999,Grocery,credit,671.03,MasterCard,**** **** **** 6726,04/32,Bank of America,Mark Thomas,d9fe4d8b-0943-46ed-8efd-944f22e78654,Shelton-Walsh,"{'city': 'Cassieside', 'state': 'OR', 'country': 'UK'}",T2859,CNP,mobile_app,"{'latitude': Decimal('26.3227945'), 'longitude': Decimal('-105.907447')}",233710,PIN,,21,pending,fraud detected,,0,171.255.66.191,22759fa3-1b4c-41a3-97d2-e92ce283a3c9,,7d5c5741-2bdd-49df-a3da-d3c63891e83d,email,Mark Thomas,1951-11-11,Antarctica (the territory South of 60 deg S),Driver's License,230e18b5,Kuwait,2032-09-20,"0158 Natalie Coves Suite 189
New Ashley, IA 14944",249.624.2080,jacquelinestokes@example.com,Curator,Fisher-Wilson,investment,<20k,True,63.0,,,,,
df5cb90e-1fae-4c74-84f1-de3700980860,1c209e56-e485-4cbe-98e7-0c51ee825663,c96430e7-fcd7-4c16-b7e5-ddc73795cbec,POS,2024-10-27 14:51:00,368.24,GBP,5812,Electronics,saving,9517.69,Visa,**** **** **** 7246,11/26,CitiBank,Mark Thomas,d9fe4d8b-0943-46ed-8efd-944f22e78654,Shelton-Walsh,"{'city': 'Cassieside', 'state': 'OR', 'country': 'UK'}",T2859,chip,POS,"{'latitude': Decimal('83.3694605'), 'longitude': Decimal('141.040835')}",173688,biometric,,89,pending,technical error,,1,,,,83e5466d-abd1-4fb5-9dff-1074908a3308,social media,Mark Thomas,1951-11-11,Antarctica (the territory South of 60 deg S),Driver's License,230e18b5,Kuwait,2032-09-20,"0158 Natalie Coves Suite 189
New Ashley, IA 14944",249.624.2080,jacquelinestokes@example.com,Curator,Fisher-Wilson,investment,<20k,True,63.0,,,,,
cedac40d-2404-4de6-b55e-1b98e8797835,1c209e56-e485-4cbe-98e7-0c51ee825663,c96430e7-fcd7-4c16-b7e5-ddc73795cbec,POS,2024-10-25 12:22:22,216.45,GBP,5812,Electronics,saving,9755.31,Visa,**** **** **** 1486,03/33,CitiBank,Mark Thomas,801ed577-6619-4d97-a038-271768e72505,"Barnes, Parker and Evans","{'city': 'Port Sean', 'state': 'RI', 'country': 'UK'}",T4648,chip,POS,"{'latitude': Decimal('26.429820'), 'longitude': Decimal('-18.438720')}",488664,password,,90,approved,fraud detected,,1,,,,227df8bd-64f1-4167-b644-aaace1cc93f9,referral,Mark Thomas,1951-11-11,Antarctica (the territory South of 60 deg S),Driver's License,230e18b5,Kuwait,2032-09-20,"0158 Natalie Coves Suite 189
New Ashley, IA 14944",249.624.2080,jacquelinestokes@example.com,Curator,Fisher-Wilson,investment,<20k,True,63.0,,,,,
e6abaad3-6017-4a9f-beae-221de14d4a8e,1c209e56-e485-4cbe-98e7-0c51ee825663,ddd05dc2-d5b3-4859-a369-1631018414ea,POS,2024-10-14 16:39:38,12.13,GBP,5812,Clothing,credit,7244.69,MasterCard,**** **** **** 1889,05/28,Bank of America,Mark Thomas,d9fe4d8b-0943-46ed-8efd-944f22e78654,Shelton-Walsh,"{'city': 'Cassieside', 'state': 'OR', 'country': 'UK'}",T2859,chip,POS,"{'latitude': Decimal('5.5356485'), 'longitude': Decimal('12.012543')}",665878,password,,73,pending,insufficient funds,,8,,,,6c32db83-2ec7-4e6e-967e-31a7bdc13244,direct,Mark Thomas,1951-11-11,Antarctica (the territory South of 60 deg S),Driver's License,230e18b5,Kuwait,2032-09-20,"0158 Natalie Coves Suite 189
New Ashley, IA 14944",249.624.2080,jacquelinestokes@example.com,Curator,Fisher-Wilson,investment,<20k,True,63.0,,,,,
804502a9-f59d-407a-bb14-004967844486,1c209e56-e485-4cbe-98e7-0c51ee825663,c96430e7-fcd7-4c16-b7e5-ddc73795cbec,POS,2024-11-07 08:21:22,256.31,GBP,5999,Grocery,debit,2201.94,Visa,**** **** **** 3967,07/27,CitiBank,Mark Thomas,0f148842-b4aa-4adf-abba-7d533063a7e7,"Martinez, Sullivan and Foster","{'city': 'South Kaitlyn', 'state': 'IA', 'country': 'UK'}",T2474,NFC,POS,"{'latitude': Decimal('-51.6759835'), 'longitude': Decimal('132.322802')}",325043,password,,94,failed,,,1,,,,93abf1e0-9912-4ff6-aff9-23d42e064c8e,social media,Mark Thomas,1951-11-11,Antarctica (the territory South of 60 deg S),Driver's License,230e18b5,Kuwait,2032-09-20,"0158 Natalie Coves Suite 189
New Ashley, IA 14944",249.624.2080,jacquelinestokes@example.com,Curator,Fisher-Wilson,investment,<20k,True,63.0,,,,,
6e314e35-a54d-4161-89df-406a270a6a9c,5cfdd67b-2ddd-4d90-b364-12e42de7522b,e14b99c6-59fe-45be-8d9c-ffeff3331500,mobile_app,2024-10-27 06:50:09,349.18,GBP,5999,Grocery,credit,4463.34,MasterCard,**** **** **** 4416,08/28,CitiBank,Caitlyn Larson,1dac7f24-133c-4832-8304-093f33ce4f47,Conrad Group,"{'city': 'Kevinton', 'state': 'LA', 'country': 'UK'}",T3034,CNP,mobile_app,"{'latitude': Decimal('4.3969935'), 'longitude': Decimal('161.703060')}",622706,biometric,,90,failed,technical error,,7,202.251.171.35,b47d56ab-7d7b-4763-8f8b-78893096342a,,ecdd1c27-7c10-479d-bf5c-a1bfc18d4f7c,referral,Caitlyn Larson,2004-02-26,Liberia,Driver's License,7b436c41,Paraguay,2033-08-22,"3922 Matthew Groves
Dannytown, IA 55833",(301)949-7666x18899,monicahuber@example.org,Glass blower/designer,Douglas Group,salary,<20k,True,67.0,,,,,
c6b16194-89b9-4b00-804d-0dfb2394a19c,1c209e56-e485-4cbe-98e7-0c51ee825663,c96430e7-fcd7-4c16-b7e5-ddc73795cbec,online,2024-10-18 04:31:02,67.91,AUD,5921,Electronics,debit,4603.7,Visa,**** **** **** 6038,07/28,CitiBank,Mark Thomas,0f148842-b4aa-4adf-abba-7d533063a7e7,"Martinez, Sullivan and Foster","{'city': 'South Kariville', 'state': 'OH', 'country': 'MR'}",T2474,CNP,online,"{'latitude': Decimal('-67.8154435'), 'longitude': Decimal('37.777061')}",252656,biometric,Passed,65,failed,fraud detected,1.4,9,29.235.245.77,c1041d20-7af2-448c-bd90-e17a5698ce3a,Opera/9.29.(Windows NT 6.1; iw-IL) Presto/2.9.189 Version/11.00,b18e9bbe-2fd4-4c16-af97-b8b74e6e2157,social media,Mark Thomas,1951-11-11,Antarctica (the territory South of 60 deg S),Driver's License,230e18b5,Kuwait,2032-09-20,"0158 Natalie Coves Suite 189
New Ashley, IA 14944",249.624.2080,jacquelinestokes@example.com,Curator,Fisher-Wilson,investment,<20k,True,63.0,,,,,
22c07e0f-5ed1-4056-ae38-48481d3d4c22,1c209e56-e485-4cbe-98e7-0c51ee825663,c96430e7-fcd7-4c16-b7e5-ddc73795cbec,mobile_app,2024-10-16 07:32:01,675.94,GBP,5812,Restaurant,debit,581.57,Visa,**** **** **** 3696,03/32,CitiBank,Mark Thomas,1dac7f24-133c-4832-8304-093f33ce4f47,Conrad Group,"{'city': 'Kevinton', 'state': 'LA', 'country': 'UK'}",T3034,CNP,mobile_app,"{'latitude': Decimal('-49.768166'), 'longitude': Decimal('-49.688881')}",164567,biometric,,65,failed,fraud detected,,9,194.202.217.100,98fffb4a-313f-4ab0-9069-51f0a8e580ab,,8b72a1c2-2d02-4534-b688-0689d9bd945b,email,Mark Thomas,1951-11-11,Antarctica (the territory South of 60 deg S),Driver's License,230e18b5,Kuwait,2032-09-20,"0158 Natalie Coves Suite 189
New Ashley, IA 14944",249.624.2080,jacquelinestokes@example.com,Curator,Fisher-Wilson,investment,<20k,True,63.0,,,,,
68d9199d-b898-42d7-8296-31d57839257b,5cfdd67b-2ddd-4d90-b364-12e42de7522b,36efcd72-a61f-4aac-ba2c-84bc5e150069,mobile_app,2024-11-11 14:17:19,34.33,GBP,5921,Electronics,credit,1416.03,Visa,**** **** **** 9235,10/32,CitiBank,Caitlyn Larson,af258ca7-f306-4f7c-aebb-912191f02d5b,"Yu, Martinez and Haley","{'city': 'West Conniehaven', 'state': 'NE', 'country': 'UK'}",T8228,CNP,mobile_app,"{'latitude': Decimal('26.955588'), 'longitude': Decimal('-95.239864')}",438062,biometric,,13,pending,insufficient funds,,9,10.219.3.83,f9818864-b97a-4bfd-a4ce-2c79b0b85590,,4f349376-8cf4-4309-8fb0-07d750ee2a94,social media,Caitlyn Larson,2004-02-26,Liberia,Driver's License,7b436c41,Paraguay,2033-08-22,"3922 Matthew Groves
Dannytown, IA 55833",(301)949-7666x18899,monicahuber@example.org,Glass blower/designer,Douglas Group,salary,<20k,True,67.0,,,,,
bb3ce886-2c78-4bce-b027-4b382265c5e1,1c209e56-e485-4cbe-98e7-0c51ee825663,c96430e7-fcd7-4c16-b7e5-ddc73795cbec,POS,2024-11-08 11:01:12,439.15,GBP,5921,Gas,debit,493.69,Visa,**** **** **** 6388,04/34,CitiBank,Mark Thomas,2e782a8c-1b43-40dc-b231-e862922d567f,Edwards-Miller,"{'city': 'West Rodney', 'state': 'FM', 'country': 'UK'}",T3476,swipe,POS,"{'latitude': Decimal('-62.440388'), 'longitude': Decimal('134.928591')}",919837,biometric,,54,approved,technical error,,5,,,,d6a2ec6d-8d36-4af2-b349-e568199d50a5,social media,Mark Thomas,1951-11-11,Antarctica (the territory South of 60 deg S),Driver's License,230e18b5,Kuwait,2032-09-20,"0158 Natalie Coves Suite 189
New Ashley, IA 14944",249.624.2080,jacquelinestokes@example.com,Curator,Fisher-Wilson,investment,<20k,True,63.0,,,,,
b92f124b-7ef8-41b1-b444-402eda9a26d0,5cfdd67b-2ddd-4d90-b364-12e42de7522b,36efcd72-a61f-4aac-ba2c-84bc5e150069,POS,2024-10-20 00:11:19,67.74,GBP,5999,Restaurant,credit,8319.24,Visa,**** **** **** 3074,08/34,CitiBank,Caitlyn Larson,2e782a8c-1b43-40dc-b231-e862922d567f,Edwards-Miller,"{'city': 'West Rodney', 'state': 'FM', 'country': 'UK'}",T3476,chip,POS,"{'latitude': Decimal('-12.673555'), 'longitude': Decimal('-41.240678')}",903780,password,,6,failed,,,9,,,,9d31bfb8-72ac-4afc-98f1-9d55ee5fbe05,email,Caitlyn Larson,2004-02-26,Liberia,Driver's License,7b436c41,Paraguay,2033-08-22,"3922 Matthew Groves
Dannytown, IA 55833",(301)949-7666x18899,monicahuber@example.org,Glass blower/designer,Douglas Group,salary,<20k,True,67.0,,,,,
ef0b2b2f-05fd-4acb-94b9-340bc35a7a49,5cfdd67b-2ddd-4d90-b364-12e42de7522b,e14b99c6-59fe-45be-8d9c-ffeff3331500,mobile_app,2024-10-30 14:20:45,24.01,GBP,5999,Electronics,saving,9773.52,Visa,**** **** **** 6882,04/28,CitiBank,Caitlyn Larson,f4ad8ca6-b352-44e2-9ae3-605ca9e4b1ad,Baker-Hanson,"{'city': 'Williamstown', 'state': 'WY', 'country': 'UK'}",T7327,CNP,mobile_app,"{'latitude': Decimal('47.6257395'), 'longitude': Decimal('30.399515')}",783997,biometric,,97,pending,fraud detected,,2,81.79.148.219,46d7c932-5357-4640-8eb4-dc58ded5981a,,f2d4680e-7e09-4040-a306-f9083f8c807f,social media,Caitlyn Larson,2004-02-26,Liberia,Driver's License,7b436c41,Paraguay,2033-08-22,"3922 Matthew Groves
Dannytown, IA 55833",(301)949-7666x18899,monicahuber@example.org,Glass blower/designer,Douglas Group,salary,<20k,True,67.0,,,,,
e0548ad9-e58c-496e-af41-e824309b87db,1c209e56-e485-4cbe-98e7-0c51ee825663,c96430e7-fcd7-4c16-b7e5-ddc73795cbec,inbound,2024-10-21 14:06:49,443.35,GBP,,Inbound Payment,,4805.75,,,,,,,,,,,bank_transfer,,,,,0,approved,,,0,,,,,,,,,,,,,,,,,,,,,,Sarah Leonard,****2728,Chase,"{'city': 'East Laura', 'state': 'MH', 'country': 'El Salvador'}",gift
0df2bc9c-553a-4d76-a5bb-a03b1a38307b,5cfdd67b-2ddd-4d90-b364-12e42de7522b,e14b99c6-59fe-45be-8d9c-ffeff3331500,online,2024-10-31 19:41:28,165.78,GBP,5411,Restaurant,saving,4903.1,Visa,**** **** **** 9134,03/30,CitiBank,Caitlyn Larson,c1c17103-3e31-4691-9650-665c2c65d19e,"Cox, Rogers and Cook","{'city': 'Jamesland', 'state': 'OR', 'country': 'UK'}",T2103,CNP,online,"{'latitude': Decimal('65.982454'), 'longitude': Decimal('33.613730')}",718621,password,Failed,22,approved,fraud detected,,1,212.158.183.122,1ba90a8c-b2bd-4c8e-bc54-5a9180afbb89,Mozilla/5.0 (compatible; MSIE 8.0; Windows NT 10.0; Trident/5.1),8bae9e6e-2260-44c8-af40-50a572e97e97,email,Caitlyn Larson,2004-02-26,Liberia,Driver's License,7b436c41,Paraguay,2033-08-22,"3922 Matthew Groves
Dannytown, IA 55833",(301)949-7666x18899,monicahuber@example.org,Glass blower/designer,Douglas Group,salary,<20k,True,67.0,,,,,
d84be44e-0115-4d55-b6e1-ae7288b70492,5cfdd67b-2ddd-4d90-b364-12e42de7522b,e14b99c6-59fe-45be-8d9c-ffeff3331500,mobile_app,2024-10-25 15:15:52,473.45,EUR,5411,Electronics,credit,2978.57,Visa,**** **** **** 4329,12/31,CitiBank,Caitlyn Larson,f4ad8ca6-b352-44e2-9ae3-605ca9e4b1ad,Baker-Hanson,"{'city': 'Rosalesbury', 'state': 'NM', 'country': 'TO'}",T7327,CNP,mobile_app,"{'latitude': Decimal('46.022549'), 'longitude': Decimal('-155.113360')}",106459,password,,30,approved,fraud detected,1.1,2,97.38.190.205,5c0e5116-8474-4853-874d-811fb9dba717,,15b1e20f-b222-43a3-9e25-4f0db08dc490,direct,Caitlyn Larson,2004-02-26,Liberia,Driver's License,7b436c41,Paraguay,2033-08-22,"3922 Matthew Groves
Dannytown, IA 55833",(301)949-7666x18899,monicahuber@example.org,Glass blower/designer,Douglas Group,salary,<20k,True,67.0,,,,,
4c9b6627-caa4-44cf-a6f2-3c254419bc56,5cfdd67b-2ddd-4d90-b364-12e42de7522b,e14b99c6-59fe-45be-8d9c-ffeff3331500,mobile_app,2024-10-19 01:37:09,137.5,GBP,5812,Restaurant,credit,7351.8,MasterCard,**** **** **** 3547,03/34,CitiBank,Caitlyn Larson,1dac7f24-133c-4832-8304-093f33ce4f47,Conrad Group,"{'city': 'Kevinton', 'state': 'LA', 'country': 'UK'}",T3034,CNP,mobile_app,"{'latitude': Decimal('65.146293'), 'longitude': Decimal('-35.184265')}",796569,PIN,,96,pending,technical error,,9,173.159.76.8,d56e9af2-2540-440b-99d6-ef42f9c34c29,,34a41b12-474e-4b70-83a7-f5274d9c7992,social media,Caitlyn Larson,2004-02-26,Liberia,Driver's License,7b436c41,Paraguay,2033-08-22,"3922 Matthew Groves
Dannytown, IA 55833",(301)949-7666x18899,monicahuber@example.org,Glass blower/designer,Douglas Group,salary,<20k,True,67.0,,,,,
af36375c-3f93-4e35-867e-0b64c74bc20b,5cfdd67b-2ddd-4d90-b364-12e42de7522b,36efcd72-a61f-4aac-ba2c-84bc5e150069,online,2024-11-04 21:57:34,24.13,GBP,5921,Grocery,debit,4755.29,Visa,**** **** **** 8157,12/30,CitiBank,Caitlyn Larson,0f148842-b4aa-4adf-abba-7d533063a7e7,"Martinez, Sullivan and Foster","{'city': 'South Kaitlyn', 'state': 'IA', 'country': 'UK'}",T2474,CNP,online,"{'latitude': Decimal('89.1011965'), 'longitude': Decimal('-63.483692')}",228743,biometric,Passed,90,failed,fraud detected,,3,139.255.12.99,172d66de-b024-48b7-ac29-a357c9e581fc,"Mozilla/5.0 (Linux; Android 7.1.1) AppleWebKit/536.0 (KHTML, like Gecko) Chrome/21.0.870.0 Safari/536.0",6c317e47-3635-4535-b438-1d7b5ceeb16d,social media,Caitlyn Larson,2004-02-26,Liberia,Driver's License,7b436c41,Paraguay,2033-08-22,"3922 Matthew Groves
Dannytown, IA 55833",(301)949-7666x18899,monicahuber@example.org,Glass blower/designer,Douglas Group,salary,<20k,True,67.0,,,,,
77d526e0-ec1d-45ff-95aa-596f98f83972,5cfdd67b-2ddd-4d90-b364-12e42de7522b,36efcd72-a61f-4aac-ba2c-84bc5e150069,online,2024-10-31 19:43:38,888.31,GBP,5411,Grocery,debit,7508.44,Visa,**** **** **** 5779,08/28,CitiBank,Caitlyn Larson,801ed577-6619-4d97-a038-271768e72505,"Barnes, Parker and Evans","{'city': 'Port Sean', 'state': 'RI', 'country': 'UK'}",T4648,CNP,online,"{'latitude': Decimal('-16.291638'), 'longitude': Decimal('-112.472722')}",556441,biometric,Passed,71,failed,technical error,,9,65.21.96.135,e795d169-b5c1-4eaf-9dc4-1600c7e136e7,Mozilla/5.0 (compatible; MSIE 7.0; Windows 95; Trident/5.1),43a903e7-6a81-4165-be4b-bb97b97d9e55,email,Caitlyn Larson,2004-02-26,Liberia,Driver's License,7b436c41,Paraguay,2033-08-22,"3922 Matthew Groves
Dannytown, IA 55833",(301)949-7666x18899,monicahuber@example.org,Glass blower/designer,Douglas Group,salary,<20k,True,67.0,,,,,
4a47d3a6-a7a5-4026-82c0-38baced4af85,5cfdd67b-2ddd-4d90-b364-12e42de7522b,e14b99c6-59fe-45be-8d9c-ffeff3331500,POS,2024-11-05 10:29:27,430.23,GBP,5735,Gas,debit,2712.21,Visa,**** **** **** 1904,06/34,CitiBank,Caitlyn Larson,801ed577-6619-4d97-a038-271768e72505,"Barnes, Parker and Evans","{'city': 'Port Sean', 'state': 'RI', 'country': 'UK'}",T4648,NFC,POS,"{'latitude': Decimal('-59.548176'), 'longitude': Decimal('1.469698')}",823736,PIN,,73,pending,insufficient funds,,10,,,,818657ad-d274-4de1-8a67-80331c4232f0,social media,Caitlyn Larson,2004-02-26,Liberia,Driver's License,7b436c41,Paraguay,2033-08-22,"3922 Matthew Groves
Dannytown, IA 55833",(301)949-7666x18899,monicahuber@example.org,Glass blower/designer,Douglas Group,salary,<20k,True,67.0,,,,,
c1fd507d-5cb5-4df1-ac01-6d81348e107a,1c209e56-e485-4cbe-98e7-0c51ee825663,ddd05dc2-d5b3-4859-a369-1631018414ea,POS,2024-11-04 07:57:48,143.0,GBP,5999,Electronics,debit,2151.26,Visa,**** **** **** 6984,12/29,Bank of America,Mark Thomas,1dac7f24-133c-4832-8304-093f33ce4f47,Conrad Group,"{'city': 'Kevinton', 'state': 'LA', 'country': 'UK'}",T3034,swipe,POS,"{'latitude': Decimal('42.599065'), 'longitude': Decimal('18.454868')}",742720,biometric,,78,failed,technical error,,1,,,,872c69d4-1553-495d-ac67-548bf0a83cae,social media,Mark Thomas,1951-11-11,Antarctica (the territory South of 60 deg S),Driver's License,230e18b5,Kuwait,2032-09-20,"0158 Natalie Coves Suite 189
New Ashley, IA 14944",249.624.2080,jacquelinestokes@example.com,Curator,Fisher-Wilson,investment,<20k,True,63.0,,,,,
3c8db708-3481-474c-98ae-c76771ef6917,1c209e56-e485-4cbe-98e7-0c51ee825663,c96430e7-fcd7-4c16-b7e5-ddc73795cbec,online,2024-11-05 07:37:03,66.2,GBP,5411,Clothing,saving,4980.07,Visa,**** **** **** 3142,04/32,CitiBank,Mark Thomas,801ed577-6619-4d97-a038-271768e72505,"Barnes, Parker and Evans","{'city': 'Port Sean', 'state': 'RI', 'country': 'UK'}",T4648,CNP,online,"{'latitude': Decimal('19.5521575'), 'longitude': Decimal('-177.693635')}",749899,password,Failed,20,failed,,,5,52.190.180.151,ac08de16-d45c-4d15-9178-ac60940fa5b1,"Mozilla/5.0 (iPod; U; CPU iPhone OS 3_1 like Mac OS X; pa-IN) AppleWebKit/533.47.4 (KHTML, like Gecko) Version/3.0.5 Mobile/8B111 Safari/6533.47.4",3ed46111-44b1-4ae6-a250-85cb89646099,direct,Mark Thomas,1951-11-11,Antarctica (the territory South of 60 deg S),Driver's License,230e18b5,Kuwait,2032-09-20,"0158 Natalie Coves Suite 189
New Ashley, IA 14944",249.624.2080,jacquelinestokes@example.com,Curator,Fisher-Wilson,investment,<20k,True,63.0,,,,,
e3d19520-c87b-46c8-bc6d-19f05e6327c6,5cfdd67b-2ddd-4d90-b364-12e42de7522b,e14b99c6-59fe-45be-8d9c-ffeff3331500,POS,2024-10-29 08:35:13,167.68,GBP,5999,Electronics,debit,5225.59,Visa,**** **** **** 1898,01/33,CitiBank,Caitlyn Larson,0f148842-b4aa-4adf-abba-7d533063a7e7,"Martinez, Sullivan and Foster","{'city': 'South Kaitlyn', 'state': 'IA', 'country': 'UK'}",T2474,swipe,POS,"{'latitude': Decimal('-50.749623'), 'longitude': Decimal('20.658810')}",855025,password,,85,failed,technical error,,2,,,,2ae2320b-5e47-4281-a7fd-0de8763c769f,social media,Caitlyn Larson,2004-02-26,Liberia,Driver's License,7b436c41,Paraguay,2033-08-22,"3922 Matthew Groves
Dannytown, IA 55833",(301)949-7666x18899,monicahuber@example.org,Glass blower/designer,Douglas Group,salary,<20k,True,67.0,,,,,
05389b55-0f87-4455-95a4-bd3ab37538ae,5cfdd67b-2ddd-4d90-b364-12e42de7522b,e14b99c6-59fe-45be-8d9c-ffeff3331500,online,2024-10-26 18:07:27,287.12,GBP,5735,Grocery,debit,9335.64,Visa,**** **** **** 1579,12/25,CitiBank,Caitlyn Larson,16707d79-4e28-4b67-8977-2530aa3775f3,"Shelton, Adams and Maxwell","{'city': 'Melodyberg', 'state': 'PW', 'country': 'UK'}",T1265,CNP,online,"{'latitude': Decimal('80.906459'), 'longitude': Decimal('-93.163213')}",530326,PIN,Failed,46,failed,,,9,215.140.25.2,64ce1b6d-6ef9-4e7c-a291-e29c7d90999a,Mozilla/5.0 (compatible; MSIE 5.0; Windows NT 10.0; Trident/3.1),7f57e30d-a261-4beb-ab03-2d74bad7b4b8,direct,Caitlyn Larson,2004-02-26,Liberia,Driver's License,7b436c41,Paraguay,2033-08-22,"3922 Matthew Groves
Dannytown, IA 55833",(301)949-7666x18899,monicahuber@example.org,Glass blower/designer,Douglas Group,salary,<20k,True,67.0,,,,,
bfeb3753-698d-42f5-beff-ab38683d469e,5cfdd67b-2ddd-4d90-b364-12e42de7522b,e14b99c6-59fe-45be-8d9c-ffeff3331500,POS,2024-10-29 22:27:51,251.28,GBP,5999,Grocery,credit,3942.42,Visa,**** **** **** 5787,06/32,CitiBank,Caitlyn Larson,0f148842-b4aa-4adf-abba-7d533063a7e7,"Martinez, Sullivan and Foster","{'city': 'South Kaitlyn', 'state': 'IA', 'country': 'UK'}",T2474,chip,POS,"{'latitude': Decimal('-6.9394405'), 'longitude': Decimal('28.867153')}",411134,PIN,,43,pending,technical error,,6,,,,5abf1ef9-63a3-4121-b673-72c412020b47,social media,Caitlyn Larson,2004-02-26,Liberia,Driver's License,7b436c41,Paraguay,2033-08-22,"3922 Matthew Groves
Dannytown, IA 55833",(301)949-7666x18899,monicahuber@example.org,Glass blower/designer,Douglas Group,salary,<20k,True,67.0,,,,,
daf8cb69-565f-478b-97d2-5903b4ea3be7,5cfdd67b-2ddd-4d90-b364-12e42de7522b,e14b99c6-59fe-45be-8d9c-ffeff3331500,mobile_app,2024-11-07 15:30:18,415.56,GBP,5812,Gas,debit,8502.18,Visa,**** **** **** 2906,09/34,CitiBank,Caitlyn Larson,c1c17103-3e31-4691-9650-665c2c65d19e,"Cox, Rogers and Cook","{'city': 'Jamesland', 'state': 'OR', 'country': 'UK'}",T2103,CNP,mobile_app,"{'latitude': Decimal('-31.106058'), 'longitude': Decimal('-85.052413')}",193809,biometric,,70,approved,technical error,,2,49.241.168.203,be471cd6-9467-4e69-b19f-144f6d6fd48c,,baae0739-8635-4d3d-a3b6-d8e3b5d333ec,social media,Caitlyn Larson,2004-02-26,Liberia,Driver's License,7b436c41,Paraguay,2033-08-22,"3922 Matthew Groves
Dannytown, IA 55833",(301)949-7666x18899,monicahuber@example.org,Glass blower/designer,Douglas Group,salary,<20k,True,67.0,,,,,
5d5cd9fb-fb60-4bd5-a144-437fffe93f88,1c209e56-e485-4cbe-98e7-0c51ee825663,c96430e7-fcd7-4c16-b7e5-ddc73795cbec,mobile_app,2024-10-27 08:36:05,989.95,GBP,5735,Electronics,credit,6469.27,Visa,**** **** **** 7921,03/30,CitiBank,Mark Thomas,0f148842-b4aa-4adf-abba-7d533063a7e7,"Martinez, Sullivan and Foster","{'city': 'South Kaitlyn', 'state': 'IA', 'country': 'UK'}",T2474,CNP,mobile_app,"{'latitude': Decimal('-72.7914425'), 'longitude': Decimal('152.220866')}",266429,PIN,,40,approved,,,3,170.163.207.195,4bf57bc9-9d3f-4793-a42d-1c8c97ab6e2e,,7d2b8692-7b6d-47c0-b7a0-a5842c4307f9,referral,Mark Thomas,1951-11-11,Antarctica (the territory South of 60 deg S),Driver's License,230e18b5,Kuwait,2032-09-20,"0158 Natalie Coves Suite 189
New Ashley, IA 14944",249.624.2080,jacquelinestokes@example.com,Curator,Fisher-Wilson,investment,<20k,True,63.0,,,,,
4b7c280d-b748-4802-8d84-6a7e96d807cb,5cfdd67b-2ddd-4d90-b364-12e42de7522b,36efcd72-a61f-4aac-ba2c-84bc5e150069,online,2024-11-07 10:43:05,33.71,GBP,5735,Restaurant,debit,2111.91,Visa,**** **** **** 4359,03/30,CitiBank,Caitlyn Larson,d9fe4d8b-0943-46ed-8efd-944f22e78654,Shelton-Walsh,"{'city': 'Cassieside', 'state': 'OR', 'country': 'UK'}",T2859,CNP,online,"{'latitude': Decimal('13.323484'), 'longitude': Decimal('24.142050')}",840196,biometric,Failed,94,failed,,,6,219.86.198.23,81e723e6-342a-4d97-958d-7d19c04d77a9,"Mozilla/5.0 (Windows NT 6.0) AppleWebKit/535.1 (KHTML, like Gecko) Chrome/27.0.861.0 Safari/535.1",165e0b63-e8a7-40bb-8aac-0b30044477b1,direct,Caitlyn Larson,2004-02-26,Liberia,Driver's License,7b436c41,Paraguay,2033-08-22,"3922 Matthew Groves
Dannytown, IA 55833",(301)949-7666x18899,monicahuber@example.org,Glass blower/designer,Douglas Group,salary,<20k,True,67.0,,,,,
e8b53166-01a5-46a0-942c-e25b09964f3c,5cfdd67b-2ddd-4d90-b364-12e42de7522b,e14b99c6-59fe-45be-8d9c-ffeff3331500,POS,2024-11-01 08:35:36,134.03,GBP,5999,Electronics,credit,5135.05,MasterCard,**** **** **** 7796,10/34,CitiBank,Caitlyn Larson,f4ad8ca6-b352-44e2-9ae3-605ca9e4b1ad,Baker-Hanson,"{'city': 'Williamstown', 'state': 'WY', 'country': 'UK'}",T7327,NFC,POS,"{'latitude': Decimal('84.9702165'), 'longitude': Decimal('170.917374')}",246265,password,,26,approved,insufficient funds,,7,,,,3fb2ba2f-0fe9-4a72-a389-d1f5c81ea727,email,Caitlyn Larson,2004-02-26,Liberia,Driver's License,7b436c41,Paraguay,2033-08-22,"3922 Matthew Groves
Dannytown, IA 55833",(301)949-7666x18899,monicahuber@example.org,Glass blower/designer,Douglas Group,salary,<20k,True,67.0,,,,,
7ac48639-63ba-434c-a558-0647ab053f6d,1c209e56-e485-4cbe-98e7-0c51ee825663,ddd05dc2-d5b3-4859-a369-1631018414ea,online,2024-10-19 17:32:31,51.86,GBP,5735,Gas,saving,8365.86,Visa,**** **** **** 6935,02/29,Bank of America,Mark Thomas,af258ca7-f306-4f7c-aebb-912191f02d5b,"Yu, Martinez and Haley","{'city': 'West Conniehaven', 'state': 'NE', 'country': 'UK'}",T8228,CNP,online,"{'latitude': Decimal('-26.0411515'), 'longitude': Decimal('-175.351711')}",400784,biometric,Failed,21,failed,insufficient funds,,1,81.122.229.11,8e6f7e68-b5da-4bba-9da9-e14ee108618c,"Mozilla/5.0 (Linux; Android 2.2.3) AppleWebKit/533.0 (KHTML, like Gecko) Chrome/21.0.894.0 Safari/533.0",ec3b1d44-1337-4920-9cf9-a812f9376f0b,social media,Mark Thomas,1951-11-11,Antarctica (the territory South of 60 deg S),Driver's License,230e18b5,Kuwait,2032-09-20,"0158 Natalie Coves Suite 189
New Ashley, IA 14944",249.624.2080,jacquelinestokes@example.com,Curator,Fisher-Wilson,investment,<20k,True,63.0,,,,,
eb5cca4a-f1bc-4dd4-90ec-6d27195a2c44,5cfdd67b-2ddd-4d90-b364-12e42de7522b,e14b99c6-59fe-45be-8d9c-ffeff3331500,mobile_app,2024-10-21 16:57:28,466.08,GBP,5921,Grocery,debit,6959.57,Visa,**** **** **** 8617,05/27,CitiBank,Caitlyn Larson,2e782a8c-1b43-40dc-b231-e862922d567f,Edwards-Miller,"{'city': 'West Rodney', 'state': 'FM', 'country': 'UK'}",T3476,CNP,mobile_app,"{'latitude': Decimal('24.5611565'), 'longitude': Decimal('-129.885801')}",754184,biometric,,92,failed,fraud detected,,7,24.122.232.119,d35cb72c-fe6b-4219-a8e3-ef04b0a2b038,,b5ee933a-217e-493f-a922-2ba5db2e451e,referral,Caitlyn Larson,2004-02-26,Liberia,Driver's License,7b436c41,Paraguay,2033-08-22,"3922 Matthew Groves
Dannytown, IA 55833",(301)949-7666x18899,monicahuber@example.org,Glass blower/designer,Douglas Group,salary,<20k,True,67.0,,,,,
b92d78ce-a841-4e0d-b462-f8c7b150cd5b,1c209e56-e485-4cbe-98e7-0c51ee825663,c96430e7-fcd7-4c16-b7e5-ddc73795cbec,online,2024-11-11 00:51:23,17.71,GBP,5812,Grocery,debit,5831.77,Visa,**** **** **** 3374,05/33,CitiBank,Mark Thomas,f4ad8ca6-b352-44e2-9ae3-605ca9e4b1ad,Baker-Hanson,"{'city': 'Williamstown', 'state': 'WY', 'country': 'UK'}",T7327,CNP,online,"{'latitude': Decimal('-42.0393025'), 'longitude': Decimal('-134.491818')}",980462,PIN,Failed,64,pending,,,7,206.63.200.154,a5ef65b7-3897-402d-ba9a-b7d0c1dd02f3,Mozilla/5.0 (compatible; MSIE 7.0; Windows NT 6.2; Trident/4.0),7188c241-4b8c-48ff-b37d-14f5ba23943e,social media,Mark Thomas,1951-11-11,Antarctica (the territory South of 60 deg S),Driver's License,230e18b5,Kuwait,2032-09-20,"0158 Natalie Coves Suite 189
New Ashley, IA 14944",249.624.2080,jacquelinestokes@example.com,Curator,Fisher-Wilson,investment,<20k,True,63.0,,,,,
c21700d4-d727-4861-88f7-f0badfa7bfe5,5cfdd67b-2ddd-4d90-b364-12e42de7522b,e14b99c6-59fe-45be-8d9c-ffeff3331500,online,2024-10-16 07:12:09,38.84,AUD,5411,Electronics,saving,3778.57,Visa,**** **** **** 9466,05/31,CitiBank,Caitlyn Larson,16707d79-4e28-4b67-8977-2530aa3775f3,"Shelton, Adams and Maxwell","{'city': 'North Andrew', 'state': 'WA', 'country': 'NL'}",T1265,CNP,online,"{'latitude': Decimal('55.686305'), 'longitude': Decimal('-79.898254')}",927541,PIN,Passed,16,failed,insufficient funds,1.1,7,183.105.48.85,087858eb-d536-46d2-bafa-e953f9d9bb12,Mozilla/5.0 (Macintosh; Intel Mac OS X 10_7_7; rv:1.9.2.20) Gecko/6040-01-20 23:52:06 Firefox/3.6.20,090025c2-ae1e-4b76-8c79-0a7546b0d388,email,Caitlyn Larson,2004-02-26,Liberia,Driver's License,7b436c41,Paraguay,2033-08-22,"3922 Matthew Groves
Dannytown, IA 55833",(301)949-7666x18899,monicahuber@example.org,Glass blower/designer,Douglas Group,salary,<20k,True,67.0,,,,,
6aa51586-cfb7-424c-aa97-d1a0235b66e6,5cfdd67b-2ddd-4d90-b364-12e42de7522b,e14b99c6-59fe-45be-8d9c-ffeff3331500,POS,2024-10-15 11:34:22,91.74,GBP,5921,Clothing,saving,3932.78,Visa,**** **** **** 2821,08/34,CitiBank,Caitlyn Larson,801ed577-6619-4d97-a038-271768e72505,"Barnes, Parker and Evans","{'city': 'Port Sean', 'state': 'RI', 'country': 'UK'}",T4648,NFC,POS,"{'latitude': Decimal('27.5717825'), 'longitude': Decimal('-69.067637')}",737958,password,,9,approved,fraud detected,,10,,,,9781e635-e3b2-4b45-8614-7d02e57cf372,direct,Caitlyn Larson,2004-02-26,Liberia,Driver's License,7b436c41,Paraguay,2033-08-22,"3922 Matthew Groves
Dannytown, IA 55833",(301)949-7666x18899,monicahuber@example.org,Glass blower/designer,Douglas Group,salary,<20k,True,67.0,,,,,
3b8b01ba-b52d-4e12-986b-37ddcaf7ef31,1c209e56-e485-4cbe-98e7-0c51ee825663,ddd05dc2-d5b3-4859-a369-1631018414ea,POS,2024-10-24 06:52:49,139.3,GBP,5812,Restaurant,credit,8053.09,Visa,**** **** **** 3800,06/30,Bank of America,Mark Thomas,f4ad8ca6-b352-44e2-9ae3-605ca9e4b1ad,Baker-Hanson,"{'city': 'Williamstown', 'state': 'WY', 'country': 'UK'}",T7327,NFC,POS,"{'latitude': Decimal('-0.713318'), 'longitude': Decimal('-82.769457')}",985085,biometric,,97,failed,,,10,,,,4f6c5dea-f435-485b-a3a8-ecabbc7af0a3,email,Mark Thomas,1951-11-11,Antarctica (the territory South of 60 deg S),Driver's License,230e18b5,Kuwait,2032-09-20,"0158 Natalie Coves Suite 189
New Ashley, IA 14944",249.624.2080,jacquelinestokes@example.com,Curator,Fisher-Wilson,investment,<20k,True,63.0,,,,,
ca870907-830d-45aa-8a32-ddb9c9241bd1,5cfdd67b-2ddd-4d90-b364-12e42de7522b,36efcd72-a61f-4aac-ba2c-84bc5e150069,inbound,2024-10-26 09:37:01,834.59,GBP,,Inbound Payment,,4503.5,,,,,,,,,,,bank_transfer,,,,,0,approved,,,0,,,,,,,,,,,,,,,,,,,,,,Alexander Shelton,****3500,Wells Fargo,"{'city': 'Stevehaven', 'state': 'IA', 'country': 'American Samoa'}",refund
81119c74-a73e-4f8f-9873-7724a16031f1,5cfdd67b-2ddd-4d90-b364-12e42de7522b,36efcd72-a61f-4aac-ba2c-84bc5e150069,mobile_app,2024-10-29 01:10:08,371.85,GBP,5411,Clothing,saving,4442.43,Visa,**** **** **** 3713,03/28,CitiBank,Caitlyn Larson,2e782a8c-1b43-40dc-b231-e862922d567f,Edwards-Miller,"{'city': 'West Rodney', 'state': 'FM', 'country': 'UK'}",T3476,CNP,mobile_app,"{'latitude': Decimal('-78.964092'), 'longitude': Decimal('-65.238867')}",268113,password,,48,pending,insufficient funds,,1,191.170.207.87,5edf7e6f-3b02-4e51-bb70-f3d0bd301211,,4c8ac452-6830-476e-ad14-8dba064a56a7,email,Caitlyn Larson,2004-02-26,Liberia,Driver's License,7b436c41,Paraguay,2033-08-22,"3922 Matthew Groves
Dannytown, IA 55833",(301)949-7666x18899,monicahuber@example.org,Glass blower/designer,Douglas Group,salary,<20k,True,67.0,,,,,
415adc7c-b3fa-4a18-8f51-d93ba8aea607,1c209e56-e485-4cbe-98e7-0c51ee825663,ddd05dc2-d5b3-4859-a369-1631018414ea,mobile_app,2024-10-28 19:20:36,85.28,GBP,5921,Electronics,credit,2951.57,MasterCard,**** **** **** 9450,12/32,Bank of America,Mark Thomas,2e782a8c-1b43-40dc-b231-e862922d567f,Edwards-Miller,"{'city': 'West Rodney', 'state': 'FM', 'country': 'UK'}",T3476,CNP,mobile_app,"{'latitude': Decimal('64.4453735'), 'longitude': Decimal('-163.192390')}",345062,password,,17,approved,,,10,204.169.173.36,9baecdfa-fb28-40bb-b48f-b8ed7a4c4cd1,,d3c6a139-e0d1-44e0-8f3c-6f795872004e,referral,Mark Thomas,1951-11-11,Antarctica (the territory South of 60 deg S),Driver's License,230e18b5,Kuwait,2032-09-20,"0158 Natalie Coves Suite 189
New Ashley, IA 14944",249.624.2080,jacquelinestokes@example.com,Curator,Fisher-Wilson,investment,<20k,True,63.0,,,,,
fdf49df2-59c5-466b-a0bf-9e868a547bf4,1c209e56-e485-4cbe-98e7-0c51ee825663,ddd05dc2-d5b3-4859-a369-1631018414ea,online,2024-11-03 23:48:13,59.24,GBP,5411,Grocery,debit,4509.26,Visa,**** **** **** 3334,04/31,Bank of America,Mark Thomas,0f148842-b4aa-4adf-abba-7d533063a7e7,"Martinez, Sullivan and Foster","{'city': 'South Kaitlyn', 'state': 'IA', 'country': 'UK'}",T2474,CNP,online,"{'latitude': Decimal('85.9004275'), 'longitude': Decimal('-79.405303')}",632476,biometric,Failed,44,pending,technical error,,7,89.188.53.230,495f99c4-8ab9-40dd-bfd3-f10d4938be30,"Mozilla/5.0 (Macintosh; U; Intel Mac OS X 10_12_0) AppleWebKit/532.0 (KHTML, like Gecko) Chrome/53.0.841.0 Safari/532.0",305f88c9-d903-4dda-a6aa-66c814f00611,referral,Mark Thomas,1951-11-11,Antarctica (the territory South of 60 deg S),Driver's License,230e18b5,Kuwait,2032-09-20,"0158 Natalie Coves Suite 189
New Ashley, IA 14944",249.624.2080,jacquelinestokes@example.com,Curator,Fisher-Wilson,investment,<20k,True,63.0,,,,,
b8c747a0-dabc-41c6-91ab-97d880b99240,5cfdd67b-2ddd-4d90-b364-12e42de7522b,e14b99c6-59fe-45be-8d9c-ffeff3331500,inbound,2024-10-25 09:03:47,514.93,GBP,,Inbound Payment,,4757.09,,,,,,,,,,,bank_transfer,,,,,0,approved,,,0,,,,,,,,,,,,,,,,,,,,,,Melinda Huber,****8130,Wells Fargo,"{'city': 'Micheleland', 'state': 'NV', 'country': 'Burkina Faso'}",gift
5977d9d3-de98-4bea-93c6-905d0f573bac,5cfdd67b-2ddd-4d90-b364-12e42de7522b,e14b99c6-59fe-45be-8d9c-ffeff3331500,mobile_app,2024-11-08 13:46:11,139.49,GBP,5812,Electronics,debit,1151.6,Visa,**** **** **** 3234,04/34,CitiBank,Caitlyn Larson,b763601e-e812-4185-8003-8d7167925f34,Jones-Dunn,"{'city': 'East Craig', 'state': 'IA', 'country': 'UK'}",T6094,CNP,mobile_app,"{'latitude': Decimal('-77.669769'), 'longitude': Decimal('127.976852')}",575760,PIN,,47,pending,fraud detected,,1,31.254.10.84,52ed6e93-7d4b-4a55-a102-9cb4efdd0b81,,e5dec250-b90b-428e-8352-488fdc57e38c,social media,Caitlyn Larson,2004-02-26,Liberia,Driver's License,7b436c41,Paraguay,2033-08-22,"3922 Matthew Groves
Dannytown, IA 55833",(301)949-7666x18899,monicahuber@example.org,Glass blower/designer,Douglas Group,salary,<20k,True,67.0,,,,,
8c3c6e20-b3e6-49a4-ae3c-d966d73a7afe,5cfdd67b-2ddd-4d90-b364-12e42de7522b,36efcd72-a61f-4aac-ba2c-84bc5e150069,mobile_app,2024-10-25 06:40:56,177.55,GBP,5999,Gas,debit,7306.03,Visa,**** **** **** 2136,10/33,CitiBank,Caitlyn Larson,2e782a8c-1b43-40dc-b231-e862922d567f,Edwards-Miller,"{'city': 'West Rodney', 'state': 'FM', 'country': 'UK'}",T3476,CNP,mobile_app,"{'latitude': Decimal('-52.4787765'), 'longitude': Decimal('31.997658')}",779000,password,,49,pending,fraud detected,,2,8.132.210.213,f7029205-3c44-4e8a-b4e6-770302464266,,7266ca51-9da9-4747-95ca-0d384bf9a953,email,Caitlyn Larson,2004-02-26,Liberia,Driver's License,7b436c41,Paraguay,2033-08-22,"3922 Matthew Groves
Dannytown, IA 55833",(301)949-7666x18899,monicahuber@example.org,Glass blower/designer,Douglas Group,salary,<20k,True,67.0,,,,,
b2187dc2-fe8e-4dc0-a761-2341f411cd45,5cfdd67b-2ddd-4d90-b364-12e42de7522b,36efcd72-a61f-4aac-ba2c-84bc5e150069,inbound,2024-10-24 19:36:45,619.1,GBP,,Inbound Payment,,197.08,,,,,,,,,,,bank_transfer,,,,,0,approved,,,0,,,,,,,,,,,,,,,,,,,,,,Rachel Howard,****8249,CitiBank,"{'city': 'West Stephen', 'state': 'GU', 'country': 'Puerto Rico'}",loan
32ccea03-c58f-405b-9e67-1587a7597c8d,5cfdd67b-2ddd-4d90-b364-12e42de7522b,36efcd72-a61f-4aac-ba2c-84bc5e150069,inbound,2024-10-21 16:57:52,424.03,GBP,,Inbound Payment,,5255.28,,,,,,,,,,,bank_transfer,,,,,0,approved,,,0,,,,,,,,,,,,,,,,,,,,,,Sarah Orozco,****6454,Bank of America,"{'city': 'North Chelsea', 'state': 'NY', 'country': 'China'}",gift
b022655c-c798-4a86-9574-5d6969e5b181,5cfdd67b-2ddd-4d90-b364-12e42de7522b,36efcd72-a61f-4aac-ba2c-84bc5e150069,mobile_app,2024-11-06 11:38:08,126.95,GBP,5735,Grocery,saving,1670.03,Visa,**** **** **** 2068,05/26,CitiBank,Caitlyn Larson,801ed577-6619-4d97-a038-271768e72505,"Barnes, Parker and Evans","{'city': 'Port Sean', 'state': 'RI', 'country': 'UK'}",T4648,CNP,mobile_app,"{'latitude': Decimal('-34.2874025'), 'longitude': Decimal('-106.312074')}",382704,PIN,,83,pending,fraud detected,,0,51.10.54.39,43dc86f4-0fa6-4a1c-bb3a-34d05381d3db,,8519f125-38de-4b33-b701-e331429b9a0c,email,Caitlyn Larson,2004-02-26,Liberia,Driver's License,7b436c41,Paraguay,2033-08-22,"3922 Matthew Groves
Dannytown, IA 55833",(301)949-7666x18899,monicahuber@example.org,Glass blower/designer,Douglas Group,salary,<20k,True,67.0,,,,,
e982ee5a-ba93-44f8-bc51-fb3439f9e0b0,5cfdd67b-2ddd-4d90-b364-12e42de7522b,e14b99c6-59fe-45be-8d9c-ffeff3331500,online,2024-11-03 20:44:28,9.14,GBP,5735,Grocery,credit,5735.14,MasterCard,**** **** **** 8051,10/33,CitiBank,Caitlyn Larson,801ed577-6619-4d97-a038-271768e72505,"Barnes, Parker and Evans","{'city': 'Port Sean', 'state': 'RI', 'country': 'UK'}",T4648,CNP,online,"{'latitude': Decimal('16.842462'), 'longitude': Decimal('40.500368')}",701605,biometric,Passed,94,approved,,,0,183.78.253.64,fbda9f1d-bf48-48fd-bc4b-5d91d4416c55,Mozilla/5.0 (compatible; MSIE 8.0; Windows NT 10.0; Trident/3.1),b2a3e1e5-49d9-4218-934d-5bb68e9ba6d3,social media,Caitlyn Larson,2004-02-26,Liberia,Driver's License,7b436c41,Paraguay,2033-08-22,"3922 Matthew Groves
Dannytown, IA 55833",(301)949-7666x18899,monicahuber@example.org,Glass blower/designer,Douglas Group,salary,<20k,True,67.0,,,,,
08dacc65-12c2-456f-8ea9-f15a6a6568ba,1c209e56-e485-4cbe-98e7-0c51ee825663,c96430e7-fcd7-4c16-b7e5-ddc73795cbec,online,2024-11-07 00:44:34,136.2,GBP,5411,Electronics,saving,9437.0,Visa,**** **** **** 1405,05/34,CitiBank,Mark Thomas,af258ca7-f306-4f7c-aebb-912191f02d5b,"Yu, Martinez and Haley","{'city': 'West Conniehaven', 'state': 'NE', 'country': 'UK'}",T8228,CNP,online,"{'latitude': Decimal('-75.474069'), 'longitude': Decimal('66.158285')}",388175,biometric,Passed,6,approved,insufficient funds,,7,209.207.145.164,a61ffb6e-808c-4632-a92a-ebee9687f2bf,"Mozilla/5.0 (iPad; CPU iPad OS 5_1_1 like Mac OS X) AppleWebKit/531.2 (KHTML, like Gecko) FxiOS/16.6l5301.0 Mobile/22M683 Safari/531.2",860a3b1b-a4ce-4a14-84e3-5ee2ab9bd01c,direct,Mark Thomas,1951-11-11,Antarctica (the territory South of 60 deg S),Driver's License,230e18b5,Kuwait,2032-09-20,"0158 Natalie Coves Suite 189
New Ashley, IA 14944",249.624.2080,jacquelinestokes@example.com,Curator,Fisher-Wilson,investment,<20k,True,63.0,,,,,
ee251034-f254-405c-9ac1-e0d817e65f67,1c209e56-e485-4cbe-98e7-0c51ee825663,c96430e7-fcd7-4c16-b7e5-ddc73795cbec,POS,2024-10-21 05:49:52,262.98,GBP,5999,Electronics,debit,6869.14,Visa,**** **** **** 9054,09/30,CitiBank,Mark Thomas,16707d79-4e28-4b67-8977-2530aa3775f3,"Shelton, Adams and Maxwell","{'city': 'Melodyberg', 'state': 'PW', 'country': 'UK'}",T1265,swipe,POS,"{'latitude': Decimal('5.511978'), 'longitude': Decimal('-20.807389')}",629358,biometric,,34,failed,fraud detected,,10,,,,db297104-e637-4698-95b3-2f78853a72b7,direct,Mark Thomas,1951-11-11,Antarctica (the territory South of 60 deg S),Driver's License,230e18b5,Kuwait,2032-09-20,"0158 Natalie Coves Suite 189
New Ashley, IA 14944",249.624.2080,jacquelinestokes@example.com,Curator,Fisher-Wilson,investment,<20k,True,63.0,,,,,
b8b693b8-66d2-4157-b44a-5c48a0b997f7,1c209e56-e485-4cbe-98e7-0c51ee825663,c96430e7-fcd7-4c16-b7e5-ddc73795cbec,mobile_app,2024-10-18 00:39:18,64.05,GBP,5411,Clothing,credit,3514.85,Visa,**** **** **** 7072,07/26,CitiBank,Mark Thomas,16707d79-4e28-4b67-8977-2530aa3775f3,"Shelton, Adams and Maxwell","{'city': 'Melodyberg', 'state': 'PW', 'country': 'UK'}",T1265,CNP,mobile_app,"{'latitude': Decimal('-65.963974'), 'longitude': Decimal('32.360463')}",511753,PIN,,56,pending,fraud detected,,6,185.94.147.237,2f0f5021-6dd0-40e1-8ac0-092538042380,,2178ae76-e899-4020-b7d3-bfa559b1c07d,email,Mark Thomas,1951-11-11,Antarctica (the territory South of 60 deg S),Driver's License,230e18b5,Kuwait,2032-09-20,"0158 Natalie Coves Suite 189
New Ashley, IA 14944",249.624.2080,jacquelinestokes@example.com,Curator,Fisher-Wilson,investment,<20k,True,63.0,,,,,
ee2936b2-afc8-46d1-816b-5d5117d62e40,5cfdd67b-2ddd-4d90-b364-12e42de7522b,36efcd72-a61f-4aac-ba2c-84bc5e150069,POS,2024-10-16 06:41:16,242.72,GBP,5735,Clothing,debit,211.92,Visa,**** **** **** 1316,10/26,CitiBank,Caitlyn Larson,d9fe4d8b-0943-46ed-8efd-944f22e78654,Shelton-Walsh,"{'city': 'Cassieside', 'state': 'OR', 'country': 'UK'}",T2859,NFC,POS,"{'latitude': Decimal('-11.234382'), 'longitude': Decimal('-88.883254')}",514528,password,,17,failed,,,0,,,,26bf7ba4-d096-464e-b388-de6be0cf10b6,social media,Caitlyn Larson,2004-02-26,Liberia,Driver's License,7b436c41,Paraguay,2033-08-22,"3922 Matthew Groves
Dannytown, IA 55833",(301)949-7666x18899,monicahuber@example.org,Glass blower/designer,Douglas Group,salary,<20k,True,67.0,,,,,
415743d6-715e-49c3-b348-ee3cc13669d7,5cfdd67b-2ddd-4d90-b364-12e42de7522b,e14b99c6-59fe-45be-8d9c-ffeff3331500,online,2024-10-15 16:17:57,163.36,GBP,5812,Clothing,debit,9052.71,Visa,**** **** **** 5222,08/30,CitiBank,Caitlyn Larson,af258ca7-f306-4f7c-aebb-912191f02d5b,"Yu, Martinez and Haley","{'city': 'West Conniehaven', 'state': 'NE', 'country': 'UK'}",T8228,CNP,online,"{'latitude': Decimal('33.833987'), 'longitude': Decimal('-147.043912')}",496562,password,Failed,96,failed,,,7,63.229.180.235,ab515522-ca98-4a82-a148-a628955befa6,Mozilla/5.0 (compatible; MSIE 5.0; Windows NT 10.0; Trident/5.1),e8ba3372-af40-4dae-bf70-f60fd87051f8,social media,Caitlyn Larson,2004-02-26,Liberia,Driver's License,7b436c41,Paraguay,2033-08-22,"3922 Matthew Groves
Dannytown, IA 55833",(301)949-7666x18899,monicahuber@example.org,Glass blower/designer,Douglas Group,salary,<20k,True,67.0,,,,,
ed1e74f7-134b-4bf2-9fed-8845375dc52e,1c209e56-e485-4cbe-98e7-0c51ee825663,c96430e7-fcd7-4c16-b7e5-ddc73795cbec,inbound,2024-10-22 18:53:07,85.5,GBP,,Inbound Payment,,8458.59,,,,,,,,,,,bank_transfer,,,,,0,approved,,,0,,,,,,,,,,,,,,,,,,,,,,George West,****6898,CitiBank,"{'city': 'Steelefort', 'state': 'ID', 'country': 'Sri Lanka'}",salary
7ad11385-55e3-4cf6-8b0a-0307d8e760e9,5cfdd67b-2ddd-4d90-b364-12e42de7522b,e14b99c6-59fe-45be-8d9c-ffeff3331500,mobile_app,2024-10-27 23:47:05,241.67,GBP,5735,Clothing,saving,5036.4,Visa,**** **** **** 9634,01/29,CitiBank,Caitlyn Larson,c1c17103-3e31-4691-9650-665c2c65d19e,"Cox, Rogers and Cook","{'city': 'Jamesland', 'state': 'OR', 'country': 'UK'}",T2103,CNP,mobile_app,"{'latitude': Decimal('-11.8942505'), 'longitude': Decimal('112.479414')}",660388,PIN,,20,approved,insufficient funds,,3,83.139.69.250,6b0d925c-634f-4b0a-8e9c-c59b011bc9fb,,be63488b-8e7f-4e46-942f-4fae928cde99,social media,Caitlyn Larson,2004-02-26,Liberia,Driver's License,7b436c41,Paraguay,2033-08-22,"3922 Matthew Groves
Dannytown, IA 55833",(301)949-7666x18899,monicahuber@example.org,Glass blower/designer,Douglas Group,salary,<20k,True,67.0,,,,,
64828447-d57b-4833-a003-e34e6898e36d,1c209e56-e485-4cbe-98e7-0c51ee825663,c96430e7-fcd7-4c16-b7e5-ddc73795cbec,mobile_app,2024-10-27 04:58:00,118.66,GBP,5411,Clothing,debit,5781.61,Visa,**** **** **** 7797,09/34,CitiBank,Mark Thomas,2e782a8c-1b43-40dc-b231-e862922d567f,Edwards-Miller,"{'city': 'West Rodney', 'state': 'FM', 'country': 'UK'}",T3476,CNP,mobile_app,"{'latitude': Decimal('-15.747287'), 'longitude': Decimal('-178.323430')}",568413,biometric,,76,failed,,,7,187.100.128.75,95ceaab2-f103-40c6-860c-2e92b81cf47e,,f71de6bb-cadc-4100-823f-b9b5f3975d37,social media,Mark Thomas,1951-11-11,Antarctica (the territory South of 60 deg S),Driver's License,230e18b5,Kuwait,2032-09-20,"0158 Natalie Coves Suite 189
New Ashley, IA 14944",249.624.2080,jacquelinestokes@example.com,Curator,Fisher-Wilson,investment,<20k,True,63.0,,,,,
8785c855-60d7-48a0-be8d-651fdc213312,5cfdd67b-2ddd-4d90-b364-12e42de7522b,e14b99c6-59fe-45be-8d9c-ffeff3331500,POS,2024-10-30 08:44:35,597.73,GBP,5921,Grocery,saving,2915.95,Visa,**** **** **** 2490,05/33,CitiBank,Caitlyn Larson,f4ad8ca6-b352-44e2-9ae3-605ca9e4b1ad,Baker-Hanson,"{'city': 'Williamstown', 'state': 'WY', 'country': 'UK'}",T7327,NFC,POS,"{'latitude': Decimal('48.5586725'), 'longitude': Decimal('-164.637012')}",484383,password,,53,approved,fraud detected,,4,,,,b4665155-076c-4937-b1c7-16829edb7b2b,social media,Caitlyn Larson,2004-02-26,Liberia,Driver's License,7b436c41,Paraguay,2033-08-22,"3922 Matthew Groves
Dannytown, IA 55833",(301)949-7666x18899,monicahuber@example.org,Glass blower/designer,Douglas Group,salary,<20k,True,67.0,,,,,
ca489d98-90c1-4baf-8e4a-7943daa1475c,5cfdd67b-2ddd-4d90-b364-12e42de7522b,e14b99c6-59fe-45be-8d9c-ffeff3331500,online,2024-10-23 10:42:40,207.67,GBP,5735,Gas,debit,4608.59,Visa,**** **** **** 3006,02/34,CitiBank,Caitlyn Larson,2e782a8c-1b43-40dc-b231-e862922d567f,Edwards-Miller,"{'city': 'West Rodney', 'state': 'FM', 'country': 'UK'}",T3476,CNP,online,"{'latitude': Decimal('27.6522685'), 'longitude': Decimal('76.352936')}",679808,biometric,Failed,26,pending,insufficient funds,,1,200.252.179.95,6c7ba680-2c69-4b4a-a2a7-1e8703e15d38,Mozilla/5.0 (Android 4.3.1; Mobile; rv:46.0) Gecko/46.0 Firefox/46.0,ee88ca84-593f-4005-a6f8-2b6ed1f13481,referral,Caitlyn Larson,2004-02-26,Liberia,Driver's License,7b436c41,Paraguay,2033-08-22,"3922 Matthew Groves
Dannytown, IA 55833",(301)949-7666x18899,monicahuber@example.org,Glass blower/designer,Douglas Group,salary,<20k,True,67.0,,,,,
b6d434ac-eb5b-451f-a43f-01c3a6d4cf6b,1c209e56-e485-4cbe-98e7-0c51ee825663,c96430e7-fcd7-4c16-b7e5-ddc73795cbec,mobile_app,2024-10-24 16:21:51,140.78,GBP,5735,Electronics,saving,2356.28,Visa,**** **** **** 5527,05/31,CitiBank,Mark Thomas,af258ca7-f306-4f7c-aebb-912191f02d5b,"Yu, Martinez and Haley","{'city': 'West Conniehaven', 'state': 'NE', 'country': 'UK'}",T8228,CNP,mobile_app,"{'latitude': Decimal('65.693569'), 'longitude': Decimal('-175.220736')}",898207,biometric,,72,failed,fraud detected,,2,122.204.2.117,c82fe9dd-bb27-4957-94f2-a7df65c56ad9,,6fd19823-906e-4592-a49e-39d059abda69,direct,Mark Thomas,1951-11-11,Antarctica (the territory South of 60 deg S),Driver's License,230e18b5,Kuwait,2032-09-20,"0158 Natalie Coves Suite 189
New Ashley, IA 14944",249.624.2080,jacquelinestokes@example.com,Curator,Fisher-Wilson,investment,<20k,True,63.0,,,,,
a75663c4-06d9-4e64-8f4d-347bcb38f644,5cfdd67b-2ddd-4d90-b364-12e42de7522b,36efcd72-a61f-4aac-ba2c-84bc5e150069,POS,2024-11-05 14:06:54,385.52,GBP,5921,Electronics,saving,6615.25,Visa,**** **** **** 3185,05/27,CitiBank,Caitlyn Larson,af258ca7-f306-4f7c-aebb-912191f02d5b,"Yu, Martinez and Haley","{'city': 'West Conniehaven', 'state': 'NE', 'country': 'UK'}",T8228,swipe,POS,"{'latitude': Decimal('71.589533'), 'longitude': Decimal('8.062271')}",640148,biometric,,42,pending,technical error,,8,,,,96b0f822-bf81-45ba-a2fe-072f3ccc4529,social media,Caitlyn Larson,2004-02-26,Liberia,Driver's License,7b436c41,Paraguay,2033-08-22,"3922 Matthew Groves
Dannytown, IA 55833",(301)949-7666x18899,monicahuber@example.org,Glass blower/designer,Douglas Group,salary,<20k,True,67.0,,,,,
b19ec742-08ce-4da8-a2b4-b289024d1d67,5cfdd67b-2ddd-4d90-b364-12e42de7522b,36efcd72-a61f-4aac-ba2c-84bc5e150069,inbound,2024-10-14 23:54:40,739.96,GBP,,Inbound Payment,,6216.46,,,,,,,,,,,bank_transfer,,,,,0,approved,,,0,,,,,,,,,,,,,,,,,,,,,,Latoya Brown,****7462,Bank of America,"{'city': 'New Bonniemouth', 'state': 'OH', 'country': 'British Indian Ocean Territory (Chagos Archipelago)'}",gift
7c01b547-aa44-47ad-a14b-9b83b0be9485,1c209e56-e485-4cbe-98e7-0c51ee825663,c96430e7-fcd7-4c16-b7e5-ddc73795cbec,mobile_app,2024-10-31 00:02:07,528.98,GBP,5999,Gas,debit,1174.31,Visa,**** **** **** 5025,07/33,CitiBank,Mark Thomas,2e782a8c-1b43-40dc-b231-e862922d567f,Edwards-Miller,"{'city': 'West Rodney', 'state': 'FM', 'country': 'UK'}",T3476,CNP,mobile_app,"{'latitude': Decimal('-50.207197'), 'longitude': Decimal('-86.489248')}",990555,biometric,,83,failed,insufficient funds,,2,136.39.205.228,fbd98325-8651-412e-8448-212909e76f75,,2ea4d8d0-9f73-404f-83cb-9de88d44e043,social media,Mark Thomas,1951-11-11,Antarctica (the territory South of 60 deg S),Driver's License,230e18b5,Kuwait,2032-09-20,"0158 Natalie Coves Suite 189
New Ashley, IA 14944",249.624.2080,jacquelinestokes@example.com,Curator,Fisher-Wilson,investment,<20k,True,63.0,,,,,
f812d13a-9842-4008-a97a-7491faf9a202,5cfdd67b-2ddd-4d90-b364-12e42de7522b,e14b99c6-59fe-45be-8d9c-ffeff3331500,POS,2024-11-07 07:56:52,119.77,GBP,5999,Clothing,saving,9061.67,Visa,**** **** **** 2483,08/25,CitiBank,Caitlyn Larson,b763601e-e812-4185-8003-8d7167925f34,Jones-Dunn,"{'city': 'East Craig', 'state': 'IA', 'country': 'UK'}",T6094,chip,POS,"{'latitude': Decimal('35.070847'), 'longitude': Decimal('83.806058')}",237330,biometric,,71,pending,fraud detected,,2,,,,77e074ce-c45d-46cc-a092-feda50b3f0b9,social media,Caitlyn Larson,2004-02-26,Liberia,Driver's License,7b436c41,Paraguay,2033-08-22,"3922 Matthew Groves
Dannytown, IA 55833",(301)949-7666x18899,monicahuber@example.org,Glass blower/designer,Douglas Group,salary,<20k,True,67.0,,,,,
d5d4e714-014d-4ebd-9e2b-abaa5b122902,5cfdd67b-2ddd-4d90-b364-12e42de7522b,36efcd72-a61f-4aac-ba2c-84bc5e150069,online,2024-11-05 18:00:44,153.94,GBP,5735,Electronics,debit,3737.76,Visa,**** **** **** 4537,08/34,CitiBank,Caitlyn Larson,b763601e-e812-4185-8003-8d7167925f34,Jones-Dunn,"{'city': 'East Craig', 'state': 'IA', 'country': 'UK'}",T6094,CNP,online,"{'latitude': Decimal('5.019969'), 'longitude': Decimal('-134.798294')}",772429,PIN,Passed,9,pending,technical error,,8,220.189.84.41,f0807017-b3fe-49ac-baa6-32d4e332cf91,Mozilla/5.0 (Windows NT 5.01; sv-FI; rv:1.9.1.20) Gecko/6920-09-23 21:10:07 Firefox/3.6.14,89fdb632-a73e-4a31-be47-667eb93dca69,email,Caitlyn Larson,2004-02-26,Liberia,Driver's License,7b436c41,Paraguay,2033-08-22,"3922 Matthew Groves
Dannytown, IA 55833",(301)949-7666x18899,monicahuber@example.org,Glass blower/designer,Douglas Group,salary,<20k,True,67.0,,,,,
45ecdfb2-2df7-46f6-b8bd-21babca0ab28,5cfdd67b-2ddd-4d90-b364-12e42de7522b,e14b99c6-59fe-45be-8d9c-ffeff3331500,online,2024-11-02 09:51:36,491.59,GBP,5999,Restaurant,saving,8431.18,Visa,**** **** **** 1713,07/34,CitiBank,Caitlyn Larson,c1c17103-3e31-4691-9650-665c2c65d19e,"Cox, Rogers and Cook","{'city': 'Jamesland', 'state': 'OR', 'country': 'UK'}",T2103,CNP,online,"{'latitude': Decimal('-63.136991'), 'longitude': Decimal('78.319378')}",698121,password,Passed,75,pending,technical error,,10,183.64.81.147,2d057606-f04f-41cc-bf64-29b4ac8e165d,"Mozilla/5.0 (Windows; U; Windows NT 5.1) AppleWebKit/532.45.5 (KHTML, like Gecko) Version/5.0 Safari/532.45.5",96d6b093-a6da-461a-b18c-2d501d85dcaf,social media,Caitlyn Larson,2004-02-26,Liberia,Driver's License,7b436c41,Paraguay,2033-08-22,"3922 Matthew Groves
Dannytown, IA 55833",(301)949-7666x18899,monicahuber@example.org,Glass blower/designer,Douglas Group,salary,<20k,True,67.0,,,,,
24dfe142-7236-4ee2-99f9-fb6835e56acd,5cfdd67b-2ddd-4d90-b364-12e42de7522b,e14b99c6-59fe-45be-8d9c-ffeff3331500,mobile_app,2024-11-09 10:56:58,213.61,GBP,5999,Electronics,debit,2832.65,Visa,**** **** **** 1191,04/30,CitiBank,Caitlyn Larson,b763601e-e812-4185-8003-8d7167925f34,Jones-Dunn,"{'city': 'East Craig', 'state': 'IA', 'country': 'UK'}",T6094,CNP,mobile_app,"{'latitude': Decimal('-79.029311'), 'longitude': Decimal('-131.883138')}",919404,biometric,,38,pending,technical error,,2,173.146.244.144,b525e661-2d8f-4a1c-8423-63528fae2d35,,ab6b0cb8-9341-406d-97a7-0bb24459d32c,email,Caitlyn Larson,2004-02-26,Liberia,Driver's License,7b436c41,Paraguay,2033-08-22,"3922 Matthew Groves
Dannytown, IA 55833",(301)949-7666x18899,monicahuber@example.org,Glass blower/designer,Douglas Group,salary,<20k,True,67.0,,,,,
286b5ab7-db7e-40fb-b43e-612a80d11b60,1c209e56-e485-4cbe-98e7-0c51ee825663,ddd05dc2-d5b3-4859-a369-1631018414ea,POS,2024-11-04 14:36:19,111.04,GBP,5999,Clothing,credit,5701.09,Visa,**** **** **** 8150,04/29,Bank of America,Mark Thomas,16707d79-4e28-4b67-8977-2530aa3775f3,"Shelton, Adams and Maxwell","{'city': 'Melodyberg', 'state': 'PW', 'country': 'UK'}",T1265,swipe,POS,"{'latitude': Decimal('24.1135845'), 'longitude': Decimal('-41.180543')}",803596,password,,52,pending,insufficient funds,,5,,,,7654b813-bc90-4c28-801c-644b0a85d591,referral,Mark Thomas,1951-11-11,Antarctica (the territory South of 60 deg S),Driver's License,230e18b5,Kuwait,2032-09-20,"0158 Natalie Coves Suite 189
New Ashley, IA 14944",249.624.2080,jacquelinestokes@example.com,Curator,Fisher-Wilson,investment,<20k,True,63.0,,,,,
c7fd2a22-7d27-445a-8d24-847c808bafec,1c209e56-e485-4cbe-98e7-0c51ee825663,ddd05dc2-d5b3-4859-a369-1631018414ea,POS,2024-10-29 00:18:46,186.46,CAD,5921,Electronics,saving,4438.65,Visa,**** **** **** 6660,01/26,Bank of America,Mark Thomas,d9fe4d8b-0943-46ed-8efd-944f22e78654,Shelton-Walsh,"{'city': 'East Mary', 'state': 'NY', 'country': 'GW'}",T2859,chip,POS,"{'latitude': Decimal('88.169270'), 'longitude': Decimal('11.909692')}",650008,PIN,,77,pending,insufficient funds,1.21,4,,,,4a581562-5f40-4538-a784-5dce87e28532,direct,Mark Thomas,1951-11-11,Antarctica (the territory South of 60 deg S),Driver's License,230e18b5,Kuwait,2032-09-20,"0158 Natalie Coves Suite 189
New Ashley, IA 14944",249.624.2080,jacquelinestokes@example.com,Curator,Fisher-Wilson,investment,<20k,True,63.0,,,,,
a251ed43-b7ca-4766-8b1f-ad38aca3207f,5cfdd67b-2ddd-4d90-b364-12e42de7522b,36efcd72-a61f-4aac-ba2c-84bc5e150069,POS,2024-10-26 09:58:20,439.37,GBP,5411,Grocery,saving,1049.96,Visa,**** **** **** 6338,08/27,CitiBank,Caitlyn Larson,c1c17103-3e31-4691-9650-665c2c65d19e,"Cox, Rogers and Cook","{'city': 'Jamesland', 'state': 'OR', 'country': 'UK'}",T2103,chip,POS,"{'latitude': Decimal('80.3918595'), 'longitude': Decimal('-6.537699')}",518127,password,,10,approved,insufficient funds,,6,,,,4d1d94d9-f61d-4851-b438-3638cd6447c9,email,Caitlyn Larson,2004-02-26,Liberia,Driver's License,7b436c41,Paraguay,2033-08-22,"3922 Matthew Groves
Dannytown, IA 55833",(301)949-7666x18899,monicahuber@example.org,Glass blower/designer,Douglas Group,salary,<20k,True,67.0,,,,,
f20d1c34-93ac-496d-a571-be80f6feb687,1c209e56-e485-4cbe-98e7-0c51ee825663,ddd05dc2-d5b3-4859-a369-1631018414ea,online,2024-10-19 01:58:02,58.94,GBP,5411,Electronics,saving,9848.56,Visa,**** **** **** 1458,07/25,Bank of America,Mark Thomas,0f148842-b4aa-4adf-abba-7d533063a7e7,"Martinez, Sullivan and Foster","{'city': 'South Kaitlyn', 'state': 'IA', 'country': 'UK'}",T2474,CNP,online,"{'latitude': Decimal('-76.454871'), 'longitude': Decimal('175.243855')}",396736,biometric,Passed,96,approved,,,2,109.132.141.30,c3d5e341-2e62-4fde-8a54-49e6f47128cf,"Mozilla/5.0 (Macintosh; Intel Mac OS X 10_12_8 rv:6.0; zh-SG) AppleWebKit/531.33.2 (KHTML, like Gecko) Version/5.0.3 Safari/531.33.2",e9548692-f56d-47b4-a0f3-46f2a8df8e47,email,Mark Thomas,1951-11-11,Antarctica (the territory South of 60 deg S),Driver's License,230e18b5,Kuwait,2032-09-20,"0158 Natalie Coves Suite 189
New Ashley, IA 14944",249.624.2080,jacquelinestokes@example.com,Curator,Fisher-Wilson,investment,<20k,True,63.0,,,,,
b1320815-03aa-4a5f-8c34-71761e7a31de,1c209e56-e485-4cbe-98e7-0c51ee825663,c96430e7-fcd7-4c16-b7e5-ddc73795cbec,POS,2024-10-19 03:49:40,728.32,EUR,5735,Electronics,saving,9255.55,Visa,**** **** **** 1584,07/28,CitiBank,Mark Thomas,c1c17103-3e31-4691-9650-665c2c65d19e,"Cox, Rogers and Cook","{'city': 'Smithstad', 'state': 'MS', 'country': 'LB'}",T2103,swipe,POS,"{'latitude': Decimal('46.9890705'), 'longitude': Decimal('98.562273')}",256164,biometric,,34,failed,,1.13,9,,,,4c4b41a7-e248-47ff-abc7-97c7cb8bd133,direct,Mark Thomas,1951-11-11,Antarctica (the territory South of 60 deg S),Driver's License,230e18b5,Kuwait,2032-09-20,"0158 Natalie Coves Suite 189
New Ashley, IA 14944",249.624.2080,jacquelinestokes@example.com,Curator,Fisher-Wilson,investment,<20k,True,63.0,,,,,
b93339bf-c129-4e1f-b5fc-4d1393064565,1c209e56-e485-4cbe-98e7-0c51ee825663,c96430e7-fcd7-4c16-b7e5-ddc73795cbec,mobile_app,2024-11-06 23:35:50,244.62,GBP,5999,Gas,credit,5955.58,Visa,**** **** **** 8601,04/29,CitiBank,Mark Thomas,2e782a8c-1b43-40dc-b231-e862922d567f,Edwards-Miller,"{'city': 'West Rodney', 'state': 'FM', 'country': 'UK'}",T3476,CNP,mobile_app,"{'latitude': Decimal('17.0789475'), 'longitude': Decimal('95.464764')}",582963,PIN,,85,approved,fraud detected,,0,94.208.200.37,0a0a1cb2-9039-4780-8787-01fc0a969b86,,b9ce7b65-a786-4277-979b-829d7102c779,social media,Mark Thomas,1951-11-11,Antarctica (the territory South of 60 deg S),Driver's License,230e18b5,Kuwait,2032-09-20,"0158 Natalie Coves Suite 189
New Ashley, IA 14944",249.624.2080,jacquelinestokes@example.com,Curator,Fisher-Wilson,investment,<20k,True,63.0,,,,,
4cd870d1-a379-4bac-b35f-9d8041478c86,1c209e56-e485-4cbe-98e7-0c51ee825663,ddd05dc2-d5b3-4859-a369-1631018414ea,mobile_app,2024-10-24 19:56:06,241.02,GBP,5812,Electronics,credit,9447.14,MasterCard,**** **** **** 6422,04/29,Bank of America,Mark Thomas,f4ad8ca6-b352-44e2-9ae3-605ca9e4b1ad,Baker-Hanson,"{'city': 'Williamstown', 'state': 'WY', 'country': 'UK'}",T7327,CNP,mobile_app,"{'latitude': Decimal('54.4499465'), 'longitude': Decimal('10.551893')}",425242,biometric,,70,approved,,,9,195.198.103.71,5f6fd915-61e9-4f74-9659-f197b4a62616,,d679f44f-2d77-410a-a5e6-e83cf0705a75,email,Mark Thomas,1951-11-11,Antarctica (the territory South of 60 deg S),Driver's License,230e18b5,Kuwait,2032-09-20,"0158 Natalie Coves Suite 189
New Ashley, IA 14944",249.624.2080,jacquelinestokes@example.com,Curator,Fisher-Wilson,investment,<20k,True,63.0,,,,,
b4d0444d-4619-4f76-a5d6-53254fe22eb4,5cfdd67b-2ddd-4d90-b364-12e42de7522b,36efcd72-a61f-4aac-ba2c-84bc5e150069,online,2024-10-18 09:58:30,8.2,CAD,5999,Electronics,credit,1160.16,MasterCard,**** **** **** 9262,08/33,CitiBank,Caitlyn Larson,d9fe4d8b-0943-46ed-8efd-944f22e78654,Shelton-Walsh,"{'city': 'Anthonymouth', 'state': 'NM', 'country': 'CM'}",T2859,CNP,online,"{'latitude': Decimal('60.996311'), 'longitude': Decimal('-12.689805')}",571292,password,Passed,61,approved,fraud detected,1.32,1,159.119.171.32,a9414573-a38b-40fa-910d-1f72345ca48a,Opera/9.43.(Windows NT 6.2; ky-KG) Presto/2.9.190 Version/11.00,bbba8a8f-645a-4549-9c58-a1b4b5cbb3da,email,Caitlyn Larson,2004-02-26,Liberia,Driver's License,7b436c41,Paraguay,2033-08-22,"3922 Matthew Groves
Dannytown, IA 55833",(301)949-7666x18899,monicahuber@example.org,Glass blower/designer,Douglas Group,salary,<20k,True,67.0,,,,,
e81fa858-3ff7-4afd-a561-714980e7a1ad,5cfdd67b-2ddd-4d90-b364-12e42de7522b,e14b99c6-59fe-45be-8d9c-ffeff3331500,POS,2024-10-18 06:42:36,1092.76,GBP,5921,Clothing,credit,5639.07,Visa,**** **** **** 1847,01/27,CitiBank,Caitlyn Larson,2e782a8c-1b43-40dc-b231-e862922d567f,Edwards-Miller,"{'city': 'West Rodney', 'state': 'FM', 'country': 'UK'}",T3476,chip,POS,"{'latitude': Decimal('-52.453934'), 'longitude': Decimal('13.062837')}",596790,biometric,,79,failed,insufficient funds,,0,,,,4ad558a4-2201-4987-803d-0d68a3248fe8,social media,Caitlyn Larson,2004-02-26,Liberia,Driver's License,7b436c41,Paraguay,2033-08-22,"3922 Matthew Groves
Dannytown, IA 55833",(301)949-7666x18899,monicahuber@example.org,Glass blower/designer,Douglas Group,salary,<20k,True,67.0,,,,,
9f6d7aae-6703-44f4-80c8-299e461c7050,1c209e56-e485-4cbe-98e7-0c51ee825663,ddd05dc2-d5b3-4859-a369-1631018414ea,mobile_app,2024-11-05 04:18:00,345.76,GBP,5411,Gas,saving,6184.33,Visa,**** **** **** 4518,07/32,Bank of America,Mark Thomas,af258ca7-f306-4f7c-aebb-912191f02d5b,"Yu, Martinez and Haley","{'city': 'West Conniehaven', 'state': 'NE', 'country': 'UK'}",T8228,CNP,mobile_app,"{'latitude': Decimal('-86.856167'), 'longitude': Decimal('69.517495')}",281235,biometric,,56,approved,insufficient funds,,5,49.57.129.13,088797fb-3acd-4f11-b819-4b4f57332f8d,,9df6b1e9-65f5-4673-9e78-8c5e103c4803,email,Mark Thomas,1951-11-11,Antarctica (the territory South of 60 deg S),Driver's License,230e18b5,Kuwait,2032-09-20,"0158 Natalie Coves Suite 189
New Ashley, IA 14944",249.624.2080,jacquelinestokes@example.com,Curator,Fisher-Wilson,investment,<20k,True,63.0,,,,,
5c9f33d6-92ba-44f4-a074-72333dab7c22,1c209e56-e485-4cbe-98e7-0c51ee825663,c96430e7-fcd7-4c16-b7e5-ddc73795cbec,online,2024-10-29 07:33:27,54.8,GBP,5735,Restaurant,saving,4079.15,Visa,**** **** **** 7655,06/31,CitiBank,Mark Thomas,16707d79-4e28-4b67-8977-2530aa3775f3,"Shelton, Adams and Maxwell","{'city': 'Melodyberg', 'state': 'PW', 'country': 'UK'}",T1265,CNP,online,"{'latitude': Decimal('20.6701015'), 'longitude': Decimal('-102.960557')}",282137,PIN,Failed,77,pending,insufficient funds,,10,190.210.221.167,10ea51b1-6cbc-460b-8923-069e31fb5dcc,Mozilla/5.0 (Windows NT 4.0; he-IL; rv:1.9.2.20) Gecko/3810-06-09 19:37:20 Firefox/3.8,8af3aa72-1e71-4518-b127-99d72b71b39c,referral,Mark Thomas,1951-11-11,Antarctica (the territory South of 60 deg S),Driver's License,230e18b5,Kuwait,2032-09-20,"0158 Natalie Coves Suite 189
New Ashley, IA 14944",249.624.2080,jacquelinestokes@example.com,Curator,Fisher-Wilson,investment,<20k,True,63.0,,,,,
71ebb083-84ee-4e91-8ad4-2fd340b774a0,5cfdd67b-2ddd-4d90-b364-12e42de7522b,36efcd72-a61f-4aac-ba2c-84bc5e150069,inbound,2024-11-05 02:29:43,622.08,GBP,,Inbound Payment,,1146.63,,,,,,,,,,,bank_transfer,,,,,0,approved,,,0,,,,,,,,,,,,,,,,,,,,,,Lisa Hogan,****2056,Bank of America,"{'city': 'Mcmahonton', 'state': 'MP', 'country': 'Poland'}",refund
58b0b72c-edfd-48b9-a10b-fbfa08cbfe72,5cfdd67b-2ddd-4d90-b364-12e42de7522b,36efcd72-a61f-4aac-ba2c-84bc5e150069,online,2024-11-12 20:44:11,95.0,EUR,5735,Electronics,debit,3425.03,Visa,**** **** **** 9101,04/26,CitiBank,Caitlyn Larson,af258ca7-f306-4f7c-aebb-912191f02d5b,"Yu, Martinez and Haley","{'city': 'Lake Natalie', 'state': 'MP', 'country': 'AE'}",T8228,CNP,online,"{'latitude': Decimal('-31.853874'), 'longitude': Decimal('-171.533065')}",913426,biometric,Failed,84,approved,insufficient funds,0.99,5,64.137.92.17,8a2f08ee-0416-4ff6-aac7-ebcc6f045807,"Mozilla/5.0 (Windows 98) AppleWebKit/531.1 (KHTML, like Gecko) Chrome/25.0.868.0 Safari/531.1",2f4ed969-1eb6-47d6-b83c-2ae264d03b13,direct,Caitlyn Larson,2004-02-26,Liberia,Driver's License,7b436c41,Paraguay,2033-08-22,"3922 Matthew Groves
Dannytown, IA 55833",(301)949-7666x18899,monicahuber@example.org,Glass blower/designer,Douglas Group,salary,<20k,True,67.0,,,,,
1eee2c4e-9d2f-41e4-acda-9174fb1de6b5,1c209e56-e485-4cbe-98e7-0c51ee825663,ddd05dc2-d5b3-4859-a369-1631018414ea,online,2024-11-03 12:03:16,704.38,GBP,5411,Gas,credit,7138.11,Visa,**** **** **** 2360,06/28,Bank of America,Mark Thomas,16707d79-4e28-4b67-8977-2530aa3775f3,"Shelton, Adams and Maxwell","{'city': 'Melodyberg', 'state': 'PW', 'country': 'UK'}",T1265,CNP,online,"{'latitude': Decimal('-39.773528'), 'longitude': Decimal('-174.388913')}",541839,biometric,Failed,16,pending,insufficient funds,,0,83.132.19.165,06d867da-d897-4cbd-ae44-3a3f0fc1b292,Opera/9.11.(X11; Linux x86_64; fi-FI) Presto/2.9.169 Version/10.00,18803d7b-09e1-40bf-8a37-76b5b4d6b5eb,social media,Mark Thomas,1951-11-11,Antarctica (the territory South of 60 deg S),Driver's License,230e18b5,Kuwait,2032-09-20,"0158 Natalie Coves Suite 189
New Ashley, IA 14944",249.624.2080,jacquelinestokes@example.com,Curator,Fisher-Wilson,investment,<20k,True,63.0,,,,,
78351ae3-2526-4fab-acdd-914fa9440aa2,5cfdd67b-2ddd-4d90-b364-12e42de7522b,36efcd72-a61f-4aac-ba2c-84bc5e150069,POS,2024-11-08 22:10:14,75.02,GBP,5411,Grocery,debit,3833.73,Visa,**** **** **** 3543,11/30,CitiBank,Caitlyn Larson,0f148842-b4aa-4adf-abba-7d533063a7e7,"Martinez, Sullivan and Foster","{'city': 'South Kaitlyn', 'state': 'IA', 'country': 'UK'}",T2474,chip,POS,"{'latitude': Decimal('-81.5598925'), 'longitude': Decimal('120.037178')}",836275,PIN,,42,failed,,,1,,,,2849548d-6e97-4bea-b056-17ddba20dc14,referral,Caitlyn Larson,2004-02-26,Liberia,Driver's License,7b436c41,Paraguay,2033-08-22,"3922 Matthew Groves
Dannytown, IA 55833",(301)949-7666x18899,monicahuber@example.org,Glass blower/designer,Douglas Group,salary,<20k,True,67.0,,,,,
9f9293c2-a32f-42b1-9946-91aea4e5cf51,5cfdd67b-2ddd-4d90-b364-12e42de7522b,36efcd72-a61f-4aac-ba2c-84bc5e150069,mobile_app,2024-10-28 10:10:48,225.43,GBP,5411,Clothing,credit,5761.82,MasterCard,**** **** **** 9241,10/26,CitiBank,Caitlyn Larson,1dac7f24-133c-4832-8304-093f33ce4f47,Conrad Group,"{'city': 'Kevinton', 'state': 'LA', 'country': 'UK'}",T3034,CNP,mobile_app,"{'latitude': Decimal('45.810848'), 'longitude': Decimal('86.637269')}",755839,PIN,,5,failed,technical error,,8,72.135.147.218,4d0a2f5e-4785-4117-86dd-051def582e62,,d2bdd705-0e9c-47d6-a54d-e754fc7fb1b8,direct,Caitlyn Larson,2004-02-26,Liberia,Driver's License,7b436c41,Paraguay,2033-08-22,"3922 Matthew Groves
Dannytown, IA 55833",(301)949-7666x18899,monicahuber@example.org,Glass blower/designer,Douglas Group,salary,<20k,True,67.0,,,,,
ac07905e-60c9-48a8-9c52-41dcf0c6b48e,1c209e56-e485-4cbe-98e7-0c51ee825663,c96430e7-fcd7-4c16-b7e5-ddc73795cbec,online,2024-11-07 20:32:38,214.74,GBP,5999,Restaurant,credit,5301.34,Visa,**** **** **** 2718,07/33,CitiBank,Mark Thomas,c1c17103-3e31-4691-9650-665c2c65d19e,"Cox, Rogers and Cook","{'city': 'Jamesland', 'state': 'OR', 'country': 'UK'}",T2103,CNP,online,"{'latitude': Decimal('-18.273034'), 'longitude': Decimal('-155.207059')}",870664,biometric,Failed,44,pending,,,1,25.203.191.54,c9e72f1f-c22c-456c-96aa-e71fe9e004be,"Mozilla/5.0 (Macintosh; PPC Mac OS X 10_7_3 rv:2.0; af-ZA) AppleWebKit/531.17.7 (KHTML, like Gecko) Version/4.0.4 Safari/531.17.7",78037043-9a60-4318-bcd3-5024a2a80a03,referral,Mark Thomas,1951-11-11,Antarctica (the territory South of 60 deg S),Driver's License,230e18b5,Kuwait,2032-09-20,"0158 Natalie Coves Suite 189
New Ashley, IA 14944",249.624.2080,jacquelinestokes@example.com,Curator,Fisher-Wilson,investment,<20k,True,63.0,,,,,
10819a6c-9331-4a6a-85a2-e09275fe53d1,1c209e56-e485-4cbe-98e7-0c51ee825663,c96430e7-fcd7-4c16-b7e5-ddc73795cbec,online,2024-10-22 05:01:00,488.09,GBP,5921,Clothing,credit,617.01,Visa,**** **** **** 9885,07/26,CitiBank,Mark Thomas,1dac7f24-133c-4832-8304-093f33ce4f47,Conrad Group,"{'city': 'Kevinton', 'state': 'LA', 'country': 'UK'}",T3034,CNP,online,"{'latitude': Decimal('-12.8127745'), 'longitude': Decimal('169.163622')}",538965,PIN,Passed,76,pending,,,4,177.166.16.63,f63dbcf1-79c3-4959-9ae0-f8129beea815,"Mozilla/5.0 (Macintosh; U; PPC Mac OS X 10_7_2 rv:4.0; gez-ET) AppleWebKit/532.47.3 (KHTML, like Gecko) Version/5.0.4 Safari/532.47.3",8ee0cfd2-8f15-422c-8189-4a520ff031ad,social media,Mark Thomas,1951-11-11,Antarctica (the territory South of 60 deg S),Driver's License,230e18b5,Kuwait,2032-09-20,"0158 Natalie Coves Suite 189
New Ashley, IA 14944",249.624.2080,jacquelinestokes@example.com,Curator,Fisher-Wilson,investment,<20k,True,63.0,,,,,
