transaction_id,customer_id,card_id,transaction_type,transaction_date_time,transaction_amount,currency,mcc,description,account_type,account_balance,card_type,card_number_masked,card_expiration_date,card_issuer,cardholder_name,merchant_id,merchant_name,merchant_location,merchant_terminal_id,payment_method,payment_channel,geolocation,authorization_code,authentication_method,3d_secure_status,fraud_risk_score,transaction_status,failure_reason,exchange_rate,rewards_earned,ip_address,device_id,user_agent,session_id,referral_source,kyc_full_name,kyc_date_of_birth,kyc_nationality,kyc_id_type,kyc_id_number,kyc_id_issuing_country,kyc_id_expiration_date,kyc_address,kyc_phone_number,kyc_email,kyc_occupation,kyc_employer_name,kyc_source_of_funds,kyc_annual_income_range,kyc_pep_status,kyc_aml_risk_score,kyc_closed_false_positive_alerts,kyc_frequent_connection_country,kyc_customer_since,companies_directed,sender_name,sender_account_number,sender_bank,sender_location,source
33cbf1a4-6f43-47c1-9e40-b839b6f2cca4,4b25f647-aae4-45ea-a061-26e399bb2a5c,32d24c74-142e-4e97-8de4-64b63fd75490,mobile_app,2024-11-02 20:51:42,165.97,GBP,5411,Restaurant,credit,5689.97,MasterCard,**** **** **** 8807,03/30,Bank of America,Allen Hamilton,23e344fb-e64c-4715-8484-119f9f6315df,Cook-Lawson,"{'city': 'East Randyside', 'state': 'AZ', 'country': 'UK'}",T3543,CNP,mobile_app,"{'latitude': Decimal('-63.2101615'), 'longitude': Decimal('-113.094446')}",818723,PIN,,69,failed,technical error,,10,98.253.10.12,fe3ce180-f191-44a4-8f06-bed42a28077c,,eb04fb18-61b1-4b14-bbe2-894cc00fef14,email,Allen Hamilton,1953-08-11,Zimbabwe,Passport,70496b22,Tonga,2031-11-15,"0615 Bentley Island Apt. 861
Hinesmouth, MS 13179",9303357930,stevenortiz@example.net,Higher education careers adviser,"Abbott, Wilson and Leblanc",business income,<20k,True,10.0,0,,1987-11-23,,,,,,
63801f4d-e40a-4029-a5ff-a133824c6e97,4b25f647-aae4-45ea-a061-26e399bb2a5c,32d24c74-142e-4e97-8de4-64b63fd75490,mobile_app,2024-10-20 09:30:37,467.85,GBP,5812,Clothing,debit,9344.27,Visa,**** **** **** 6183,07/31,Bank of America,Allen Hamilton,39c14949-245c-49fd-9f32-9da8bb9d7c65,"Johnson, Farrell and Fowler","{'city': 'North Barry', 'state': 'WA', 'country': 'UK'}",T5811,CNP,mobile_app,"{'latitude': Decimal('-88.5086725'), 'longitude': Decimal('14.258324')}",668129,PIN,,14,pending,,,4,54.77.164.105,cbb50547-5efe-4c87-b72e-453edb4e6ec0,,d2797e2f-8ab3-471d-9cc6-c5a481b9121b,referral,Allen Hamilton,1953-08-11,Zimbabwe,Passport,70496b22,Tonga,2031-11-15,"0615 Bentley Island Apt. 861
Hinesmouth, MS 13179",9303357930,stevenortiz@example.net,Higher education careers adviser,"Abbott, Wilson and Leblanc",business income,<20k,True,10.0,0,,1987-11-23,,,,,,
fe07182d-41ca-4b0c-b850-62214590dce4,4b25f647-aae4-45ea-a061-26e399bb2a5c,32d24c74-142e-4e97-8de4-64b63fd75490,online,2024-10-21 13:37:21,288.32,GBP,5411,Electronics,credit,5530.83,Visa,**** **** **** 2128,01/34,Bank of America,Allen Hamilton,ff3570cc-072a-4e55-8d07-11b2b0a3f49d,Adams LLC,"{'city': 'Boydshire', 'state': 'FM', 'country': 'UK'}",T6370,CNP,online,"{'latitude': Decimal('24.1923085'), 'longitude': Decimal('59.867768')}",809210,password,Failed,24,pending,insufficient funds,,9,57.90.211.2,94d8ed07-7c76-4cfa-babb-0ae1eb780db0,"Mozilla/5.0 (Windows 95) AppleWebKit/533.0 (KHTML, like Gecko) Chrome/32.0.816.0 Safari/533.0",81c11a87-4bc6-4748-9f19-3144885d9e97,social media,Allen Hamilton,1953-08-11,Zimbabwe,Passport,70496b22,Tonga,2031-11-15,"0615 Bentley Island Apt. 861
Hinesmouth, MS 13179",9303357930,stevenortiz@example.net,Higher education careers adviser,"Abbott, Wilson and Leblanc",business income,<20k,True,10.0,0,,1987-11-23,,,,,,
5bb0dd5c-c5ac-420e-89bb-a8f7ab11e5ed,4b25f647-aae4-45ea-a061-26e399bb2a5c,32d24c74-142e-4e97-8de4-64b63fd75490,online,2024-11-04 00:21:22,737.01,GBP,5735,Grocery,saving,7721.21,Visa,**** **** **** 3384,06/27,Bank of America,Allen Hamilton,9350c8f2-c9dc-4356-a55e-cadf645042ff,"Meyer, Kelly and Taylor","{'city': 'South Jacob', 'state': 'CA', 'country': 'UK'}",T5705,CNP,online,"{'latitude': Decimal('-55.733291'), 'longitude': Decimal('30.790609')}",771521,PIN,Failed,6,pending,fraud detected,,3,85.117.30.17,fb132448-f7e5-4927-b908-69fe7d41098a,Mozilla/5.0 (X11; Linux x86_64; rv:1.9.5.20) Gecko/7790-10-15 05:21:32 Firefox/3.6.4,6899a688-9f5c-4e0e-8493-26326ee6748c,social media,Allen Hamilton,1953-08-11,Zimbabwe,Passport,70496b22,Tonga,2031-11-15,"0615 Bentley Island Apt. 861
Hinesmouth, MS 13179",9303357930,stevenortiz@example.net,Higher education careers adviser,"Abbott, Wilson and Leblanc",business income,<20k,True,10.0,0,,1987-11-23,,,,,,
77f0c9d8-a8c3-4cd8-9d7c-8a83af99963f,2b9bbea7-808b-4b26-baa8-1628076c822e,be253a8c-1190-470e-ba26-ca45e1816e97,online,2024-10-26 03:49:15,276.36,GBP,5921,Gas,credit,9375.61,MasterCard,**** **** **** 8204,04/25,Bank of America,Ann Jones,02094ae3-33c4-43e0-afa0-e5ea87364898,"Johnson, Wood and Miller","{'city': 'Adamfort', 'state': 'NM', 'country': 'UK'}",T7011,CNP,online,"{'latitude': Decimal('77.672233'), 'longitude': Decimal('-50.449044')}",135828,password,Passed,48,approved,insufficient funds,,2,120.50.175.11,19c05cd0-4042-49a5-a56c-0b9b42ec97eb,"Mozilla/5.0 (X11; Linux i686) AppleWebKit/531.2 (KHTML, like Gecko) Chrome/18.0.806.0 Safari/531.2",b183d021-81e1-400c-8890-29a7bea7888e,email,Ann Jones,1980-11-18,Saint Pierre and Miquelon,Driver's License,57b6d745,Wallis and Futuna,2031-05-11,"488 Aguilar Bypass
Nguyenmouth, UT 60906",681-532-6650x664,burnschristina@example.net,Museum/gallery exhibitions officer,Peters-Anderson,salary,50k-100k,False,6.0,0,,1994-11-21,,,,,,
d4d4ec95-5b0b-4c5b-831d-9b44f557aacd,2b9bbea7-808b-4b26-baa8-1628076c822e,be253a8c-1190-470e-ba26-ca45e1816e97,POS,2024-11-07 12:38:53,220.68,CAD,5735,Grocery,debit,8938.08,Visa,**** **** **** 2823,09/30,Bank of America,Ann Jones,073a1975-e0a9-4550-ae62-96701b42bec9,"Price, Benson and Smith","{'city': 'Josephburgh', 'state': 'AS', 'country': 'CI'}",T8772,NFC,POS,"{'latitude': Decimal('84.841746'), 'longitude': Decimal('-23.122274')}",107728,PIN,,29,pending,technical error,1.14,3,,,,fd6c367f-a8cd-4111-bbac-cc643b7e4f0e,email,Ann Jones,1980-11-18,Saint Pierre and Miquelon,Driver's License,57b6d745,Wallis and Futuna,2031-05-11,"488 Aguilar Bypass
Nguyenmouth, UT 60906",681-532-6650x664,burnschristina@example.net,Museum/gallery exhibitions officer,Peters-Anderson,salary,50k-100k,False,6.0,0,,1994-11-21,,,,,,
883589c7-677f-474c-918a-43a1d0a923fc,4b25f647-aae4-45ea-a061-26e399bb2a5c,32d24c74-142e-4e97-8de4-64b63fd75490,online,2024-10-29 19:23:54,44.01,GBP,5999,Clothing,saving,7392.94,Visa,**** **** **** 2071,11/31,Bank of America,Allen Hamilton,a339d172-ca95-4440-953c-4af7e7c4aa62,Taylor-West,"{'city': 'Smithchester', 'state': 'VI', 'country': 'UK'}",T4958,CNP,online,"{'latitude': Decimal('42.7383215'), 'longitude': Decimal('-113.496401')}",622008,PIN,Failed,19,pending,insufficient funds,,9,19.32.73.123,8a76f4b2-00e7-4728-9ce0-796921dcb56d,Mozilla/5.0 (Macintosh; Intel Mac OS X 10_5_2; rv:1.9.3.20) Gecko/7567-06-06 12:25:07 Firefox/10.0,24d22890-0173-42bf-ba36-a8702800601b,direct,Allen Hamilton,1953-08-11,Zimbabwe,Passport,70496b22,Tonga,2031-11-15,"0615 Bentley Island Apt. 861
Hinesmouth, MS 13179",9303357930,stevenortiz@example.net,Higher education careers adviser,"Abbott, Wilson and Leblanc",business income,<20k,True,10.0,0,,1987-11-23,,,,,,
4a0eed81-f8de-4f9a-813f-49ebe91b7856,2b9bbea7-808b-4b26-baa8-1628076c822e,4c075797-c418-4786-b053-40fce1d76ec1,online,2024-10-27 23:51:23,433.69,GBP,5921,Clothing,credit,7227.96,MasterCard,**** **** **** 7452,07/32,CitiBank,Ann Jones,39c14949-245c-49fd-9f32-9da8bb9d7c65,"Johnson, Farrell and Fowler","{'city': 'North Barry', 'state': 'WA', 'country': 'UK'}",T5811,CNP,online,"{'latitude': Decimal('81.8460265'), 'longitude': Decimal('-126.487137')}",480249,biometric,Passed,13,pending,technical error,,4,141.111.77.88,21333635-807a-4967-ae04-a905e0410dd3,"Mozilla/5.0 (iPod; U; CPU iPhone OS 4_0 like Mac OS X; be-BY) AppleWebKit/535.31.3 (KHTML, like Gecko) Version/3.0.5 Mobile/8B115 Safari/6535.31.3",18a7a35b-05f9-493f-8398-5fb6e12da7dd,email,Ann Jones,1980-11-18,Saint Pierre and Miquelon,Driver's License,57b6d745,Wallis and Futuna,2031-05-11,"488 Aguilar Bypass
Nguyenmouth, UT 60906",681-532-6650x664,burnschristina@example.net,Museum/gallery exhibitions officer,Peters-Anderson,salary,50k-100k,False,6.0,0,,1994-11-21,,,,,,
9b593133-7a21-455e-b40c-13c6cefb5993,4b25f647-aae4-45ea-a061-26e399bb2a5c,32d24c74-142e-4e97-8de4-64b63fd75490,POS,2024-10-25 19:17:08,274.47,GBP,5735,Electronics,credit,8000.39,Visa,**** **** **** 5427,05/31,Bank of America,Allen Hamilton,03f4410f-0a38-4823-8a04-b9817a3686e3,"Fox, Manning and Gardner","{'city': 'Laurastad', 'state': 'MO', 'country': 'UK'}",T1366,NFC,POS,"{'latitude': Decimal('29.353494'), 'longitude': Decimal('178.180485')}",705781,biometric,,56,pending,technical error,,10,,,,75219e96-64f5-4659-a990-ba8fc3120ed1,referral,Allen Hamilton,1953-08-11,Zimbabwe,Passport,70496b22,Tonga,2031-11-15,"0615 Bentley Island Apt. 861
Hinesmouth, MS 13179",9303357930,stevenortiz@example.net,Higher education careers adviser,"Abbott, Wilson and Leblanc",business income,<20k,True,10.0,0,,1987-11-23,,,,,,
381de965-7862-4628-9327-9f9578f670ef,4b25f647-aae4-45ea-a061-26e399bb2a5c,32d24c74-142e-4e97-8de4-64b63fd75490,mobile_app,2024-11-08 18:39:29,287.72,GBP,5999,Gas,debit,4458.08,Visa,**** **** **** 2503,02/34,Bank of America,Allen Hamilton,a339d172-ca95-4440-953c-4af7e7c4aa62,Taylor-West,"{'city': 'Smithchester', 'state': 'VI', 'country': 'UK'}",T4958,CNP,mobile_app,"{'latitude': Decimal('-16.5170615'), 'longitude': Decimal('123.166895')}",900691,password,,69,pending,insufficient funds,,7,17.234.74.216,6268aff9-d32f-434f-9120-a7fb357c8b37,,8be66f70-5107-4228-a523-bb0ad717cce6,direct,Allen Hamilton,1953-08-11,Zimbabwe,Passport,70496b22,Tonga,2031-11-15,"0615 Bentley Island Apt. 861
Hinesmouth, MS 13179",9303357930,stevenortiz@example.net,Higher education careers adviser,"Abbott, Wilson and Leblanc",business income,<20k,True,10.0,0,,1987-11-23,,,,,,
f13376cc-4a60-421b-8793-1b4edf56881a,2b9bbea7-808b-4b26-baa8-1628076c822e,be253a8c-1190-470e-ba26-ca45e1816e97,online,2024-10-26 13:09:54,1448.96,GBP,5735,Gas,credit,8669.39,MasterCard,**** **** **** 2676,02/26,Bank of America,Ann Jones,19bb487c-7719-4761-ab74-373a0888496e,"Brooks, Wade and Cook","{'city': 'Beasleyfurt', 'state': 'PR', 'country': 'UK'}",T2860,CNP,online,"{'latitude': Decimal('-69.6396125'), 'longitude': Decimal('26.047479')}",556926,biometric,Failed,67,failed,fraud detected,,4,201.74.107.177,287a0df7-dfe8-4c8b-92b8-909ea14b992b,"Mozilla/5.0 (Windows 98; Win 9x 4.90) AppleWebKit/531.2 (KHTML, like Gecko) Chrome/51.0.864.0 Safari/531.2",235aacbb-9703-44f2-a867-d1de11563ddc,email,Ann Jones,1980-11-18,Saint Pierre and Miquelon,Driver's License,57b6d745,Wallis and Futuna,2031-05-11,"488 Aguilar Bypass
Nguyenmouth, UT 60906",681-532-6650x664,burnschristina@example.net,Museum/gallery exhibitions officer,Peters-Anderson,salary,50k-100k,False,6.0,0,,1994-11-21,,,,,,
445fd31b-6b9f-441b-9525-aa5307d8e5cf,2b9bbea7-808b-4b26-baa8-1628076c822e,4c075797-c418-4786-b053-40fce1d76ec1,POS,2024-10-22 12:24:49,646.88,GBP,5921,Restaurant,debit,3918.63,Visa,**** **** **** 3669,09/26,CitiBank,Ann Jones,19bb487c-7719-4761-ab74-373a0888496e,"Brooks, Wade and Cook","{'city': 'Beasleyfurt', 'state': 'PR', 'country': 'UK'}",T2860,chip,POS,"{'latitude': Decimal('23.603700'), 'longitude': Decimal('75.327638')}",804422,password,,16,pending,technical error,,3,,,,61553ce1-6e8c-4eab-921b-fedea98fce3a,email,Ann Jones,1980-11-18,Saint Pierre and Miquelon,Driver's License,57b6d745,Wallis and Futuna,2031-05-11,"488 Aguilar Bypass
Nguyenmouth, UT 60906",681-532-6650x664,burnschristina@example.net,Museum/gallery exhibitions officer,Peters-Anderson,salary,50k-100k,False,6.0,0,,1994-11-21,,,,,,
0a3ecb25-bf89-41ab-8683-037db2a881bf,2b9bbea7-808b-4b26-baa8-1628076c822e,4c075797-c418-4786-b053-40fce1d76ec1,POS,2024-10-17 16:40:46,100.05,GBP,5735,Electronics,debit,7765.77,Visa,**** **** **** 1724,06/34,CitiBank,Ann Jones,073a1975-e0a9-4550-ae62-96701b42bec9,"Price, Benson and Smith","{'city': 'Rodriguezchester', 'state': 'WA', 'country': 'UK'}",T8772,NFC,POS,"{'latitude': Decimal('23.721873'), 'longitude': Decimal('-95.795490')}",736936,PIN,,26,pending,fraud detected,,10,,,,0e370ed2-931c-40ec-8b2b-7800f913533c,direct,Ann Jones,1980-11-18,Saint Pierre and Miquelon,Driver's License,57b6d745,Wallis and Futuna,2031-05-11,"488 Aguilar Bypass
Nguyenmouth, UT 60906",681-532-6650x664,burnschristina@example.net,Museum/gallery exhibitions officer,Peters-Anderson,salary,50k-100k,False,6.0,0,,1994-11-21,,,,,,
289201f4-13c1-40bf-8631-2c3890a6d16f,2b9bbea7-808b-4b26-baa8-1628076c822e,be253a8c-1190-470e-ba26-ca45e1816e97,mobile_app,2024-11-11 03:20:21,479.93,GBP,5735,Grocery,debit,6386.41,Visa,**** **** **** 8694,08/31,Bank of America,Ann Jones,d015c4ec-2b75-45cf-81d2-bca1ec20bb90,Sims LLC,"{'city': 'Knightburgh', 'state': 'CA', 'country': 'UK'}",T1099,CNP,mobile_app,"{'latitude': Decimal('6.2032385'), 'longitude': Decimal('-8.793366')}",520018,PIN,,12,pending,fraud detected,,0,85.76.20.121,39c2a5d2-be2f-4ae9-820d-d5c32f1aca29,,baabd78e-e848-4372-a395-91152eac3aba,social media,Ann Jones,1980-11-18,Saint Pierre and Miquelon,Driver's License,57b6d745,Wallis and Futuna,2031-05-11,"488 Aguilar Bypass
Nguyenmouth, UT 60906",681-532-6650x664,burnschristina@example.net,Museum/gallery exhibitions officer,Peters-Anderson,salary,50k-100k,False,6.0,0,,1994-11-21,,,,,,
d88cceae-60a4-4724-b591-8caeb003afc9,4b25f647-aae4-45ea-a061-26e399bb2a5c,32d24c74-142e-4e97-8de4-64b63fd75490,POS,2024-10-22 19:44:38,186.65,GBP,5812,Grocery,saving,9225.35,Visa,**** **** **** 2972,09/30,Bank of America,Allen Hamilton,02094ae3-33c4-43e0-afa0-e5ea87364898,"Johnson, Wood and Miller","{'city': 'Adamfort', 'state': 'NM', 'country': 'UK'}",T7011,swipe,POS,"{'latitude': Decimal('-79.920746'), 'longitude': Decimal('-153.119055')}",454530,password,,20,pending,fraud detected,,7,,,,c135c1ac-0de5-4e73-857c-6871ffd5876a,email,Allen Hamilton,1953-08-11,Zimbabwe,Passport,70496b22,Tonga,2031-11-15,"0615 Bentley Island Apt. 861
Hinesmouth, MS 13179",9303357930,stevenortiz@example.net,Higher education careers adviser,"Abbott, Wilson and Leblanc",business income,<20k,True,10.0,0,,1987-11-23,,,,,,
06a63762-fe4c-4a6d-8471-52529c53b465,4b25f647-aae4-45ea-a061-26e399bb2a5c,32d24c74-142e-4e97-8de4-64b63fd75490,mobile_app,2024-10-22 01:09:27,173.4,GBP,5812,Clothing,debit,7645.0,Visa,**** **** **** 1178,06/33,Bank of America,Allen Hamilton,d015c4ec-2b75-45cf-81d2-bca1ec20bb90,Sims LLC,"{'city': 'Knightburgh', 'state': 'CA', 'country': 'UK'}",T1099,CNP,mobile_app,"{'latitude': Decimal('-49.656089'), 'longitude': Decimal('-67.916858')}",701663,biometric,,91,pending,fraud detected,,6,222.89.129.224,0593e08b-5e1f-42a9-a68a-1d7e650eaaf0,,be517bf0-d9f3-4736-8658-7a78c87d0125,email,Allen Hamilton,1953-08-11,Zimbabwe,Passport,70496b22,Tonga,2031-11-15,"0615 Bentley Island Apt. 861
Hinesmouth, MS 13179",9303357930,stevenortiz@example.net,Higher education careers adviser,"Abbott, Wilson and Leblanc",business income,<20k,True,10.0,0,,1987-11-23,,,,,,
fca66bf7-39f4-46b1-90cf-6b9c23053bc6,4b25f647-aae4-45ea-a061-26e399bb2a5c,32d24c74-142e-4e97-8de4-64b63fd75490,online,2024-10-22 14:51:32,724.99,GBP,5735,Electronics,credit,8846.43,MasterCard,**** **** **** 3736,01/31,Bank of America,Allen Hamilton,a339d172-ca95-4440-953c-4af7e7c4aa62,Taylor-West,"{'city': 'Smithchester', 'state': 'VI', 'country': 'UK'}",T4958,CNP,online,"{'latitude': Decimal('-70.7432225'), 'longitude': Decimal('4.374921')}",827632,password,Passed,47,failed,technical error,,4,2.83.90.13,feaebe23-e37b-41a0-8701-474b32acf189,"Mozilla/5.0 (Linux; Android 4.0.1) AppleWebKit/533.2 (KHTML, like Gecko) Chrome/32.0.854.0 Safari/533.2",ad2a8b53-ecfa-47b7-8e62-9bc473485149,social media,Allen Hamilton,1953-08-11,Zimbabwe,Passport,70496b22,Tonga,2031-11-15,"0615 Bentley Island Apt. 861
Hinesmouth, MS 13179",9303357930,stevenortiz@example.net,Higher education careers adviser,"Abbott, Wilson and Leblanc",business income,<20k,True,10.0,0,,1987-11-23,,,,,,
b436ca5b-5c90-4907-804d-85abe2ac9882,2b9bbea7-808b-4b26-baa8-1628076c822e,4c075797-c418-4786-b053-40fce1d76ec1,mobile_app,2024-10-25 07:51:40,184.65,GBP,5812,Electronics,saving,9821.16,Visa,**** **** **** 3825,02/29,CitiBank,Ann Jones,a339d172-ca95-4440-953c-4af7e7c4aa62,Taylor-West,"{'city': 'Smithchester', 'state': 'VI', 'country': 'UK'}",T4958,CNP,mobile_app,"{'latitude': Decimal('-82.1608935'), 'longitude': Decimal('147.929785')}",709042,biometric,,68,pending,,,5,29.78.120.21,383643c9-0c26-44ce-9e35-6f077e27cd46,,6c939b13-c704-42e4-a415-54edcb169f29,social media,Ann Jones,1980-11-18,Saint Pierre and Miquelon,Driver's License,57b6d745,Wallis and Futuna,2031-05-11,"488 Aguilar Bypass
Nguyenmouth, UT 60906",681-532-6650x664,burnschristina@example.net,Museum/gallery exhibitions officer,Peters-Anderson,salary,50k-100k,False,6.0,0,,1994-11-21,,,,,,
8b66e34c-01f6-48ac-a6ac-d28141bdeb18,2b9bbea7-808b-4b26-baa8-1628076c822e,4c075797-c418-4786-b053-40fce1d76ec1,mobile_app,2024-10-23 01:43:11,332.69,GBP,5411,Clothing,credit,6079.65,Visa,**** **** **** 3233,08/27,CitiBank,Ann Jones,a339d172-ca95-4440-953c-4af7e7c4aa62,Taylor-West,"{'city': 'Smithchester', 'state': 'VI', 'country': 'UK'}",T4958,CNP,mobile_app,"{'latitude': Decimal('-69.804351'), 'longitude': Decimal('175.835988')}",743078,PIN,,10,failed,,,5,213.21.47.15,c89ea29e-1b00-486c-9dc3-31f42567a5ee,,660e75df-0ed3-4414-8d8c-126276fc7f2d,direct,Ann Jones,1980-11-18,Saint Pierre and Miquelon,Driver's License,57b6d745,Wallis and Futuna,2031-05-11,"488 Aguilar Bypass
Nguyenmouth, UT 60906",681-532-6650x664,burnschristina@example.net,Museum/gallery exhibitions officer,Peters-Anderson,salary,50k-100k,False,6.0,0,,1994-11-21,,,,,,
9b6b6964-77e0-4c4f-bc64-47f795231b45,2b9bbea7-808b-4b26-baa8-1628076c822e,4c075797-c418-4786-b053-40fce1d76ec1,mobile_app,2024-10-23 01:49:15,54.64,GBP,5812,Electronics,debit,8114.59,Visa,**** **** **** 8210,05/29,CitiBank,Ann Jones,02094ae3-33c4-43e0-afa0-e5ea87364898,"Johnson, Wood and Miller","{'city': 'Adamfort', 'state': 'NM', 'country': 'UK'}",T7011,CNP,mobile_app,"{'latitude': Decimal('-84.4120545'), 'longitude': Decimal('-9.819482')}",861070,biometric,,99,failed,,,2,58.24.63.19,b6626651-d7a8-49d0-a5ec-17a22207642b,,21beadca-4946-4eb3-a39a-bbbb3f98bde9,referral,Ann Jones,1980-11-18,Saint Pierre and Miquelon,Driver's License,57b6d745,Wallis and Futuna,2031-05-11,"488 Aguilar Bypass
Nguyenmouth, UT 60906",681-532-6650x664,burnschristina@example.net,Museum/gallery exhibitions officer,Peters-Anderson,salary,50k-100k,False,6.0,0,,1994-11-21,,,,,,
13dcb062-3dd7-41fa-9b06-34d12c85876d,2b9bbea7-808b-4b26-baa8-1628076c822e,4c075797-c418-4786-b053-40fce1d76ec1,mobile_app,2024-11-03 23:31:44,98.54,GBP,5921,Gas,saving,8472.76,Visa,**** **** **** 9527,08/27,CitiBank,Ann Jones,9350c8f2-c9dc-4356-a55e-cadf645042ff,"Meyer, Kelly and Taylor","{'city': 'South Jacob', 'state': 'CA', 'country': 'UK'}",T5705,CNP,mobile_app,"{'latitude': Decimal('57.2222665'), 'longitude': Decimal('-63.925536')}",769226,biometric,,48,approved,,,9,160.115.170.151,09e9c347-ebc0-48c2-b8be-417015dfc3ea,,4e431fb2-68ae-4034-bfe8-a2f6ddb1cc92,email,Ann Jones,1980-11-18,Saint Pierre and Miquelon,Driver's License,57b6d745,Wallis and Futuna,2031-05-11,"488 Aguilar Bypass
Nguyenmouth, UT 60906",681-532-6650x664,burnschristina@example.net,Museum/gallery exhibitions officer,Peters-Anderson,salary,50k-100k,False,6.0,0,,1994-11-21,,,,,,
5f0aa20d-d371-4108-8dee-58e843615ce6,4b25f647-aae4-45ea-a061-26e399bb2a5c,32d24c74-142e-4e97-8de4-64b63fd75490,online,2024-10-20 11:08:36,515.48,JPY,5999,Gas,saving,5040.79,Visa,**** **** **** 2296,02/33,Bank of America,Allen Hamilton,9350c8f2-c9dc-4356-a55e-cadf645042ff,"Meyer, Kelly and Taylor","{'city': 'Brittneyland', 'state': 'WY', 'country': 'SO'}",T5705,CNP,online,"{'latitude': Decimal('-64.2019755'), 'longitude': Decimal('93.098310')}",516335,password,Failed,77,pending,insufficient funds,1.37,3,195.102.42.26,bc9b2e2f-3406-4079-9051-160ab7ff30e7,Opera/8.11.(Windows NT 6.2; ia-FR) Presto/2.9.190 Version/10.00,87456b9b-f531-4364-93b4-bff67d8a7563,direct,Allen Hamilton,1953-08-11,Zimbabwe,Passport,70496b22,Tonga,2031-11-15,"0615 Bentley Island Apt. 861
Hinesmouth, MS 13179",9303357930,stevenortiz@example.net,Higher education careers adviser,"Abbott, Wilson and Leblanc",business income,<20k,True,10.0,0,,1987-11-23,,,,,,
9c516d25-3ebd-453b-9aef-e6ea99d98d79,4b25f647-aae4-45ea-a061-26e399bb2a5c,32d24c74-142e-4e97-8de4-64b63fd75490,online,2024-10-23 23:44:42,382.89,EUR,5999,Clothing,debit,3569.58,Visa,**** **** **** 5121,04/29,Bank of America,Allen Hamilton,02094ae3-33c4-43e0-afa0-e5ea87364898,"Johnson, Wood and Miller","{'city': 'Kaylamouth', 'state': 'MO', 'country': 'MR'}",T7011,CNP,online,"{'latitude': Decimal('-15.0488805'), 'longitude': Decimal('-23.882975')}",550514,PIN,Passed,40,approved,,1.15,7,27.195.241.0,41247795-79a2-4500-b532-c410812fb931,"Mozilla/5.0 (Linux; Android 4.3) AppleWebKit/531.2 (KHTML, like Gecko) Chrome/27.0.886.0 Safari/531.2",3a45735d-2c34-4f51-98e6-4ede1299bdab,social media,Allen Hamilton,1953-08-11,Zimbabwe,Passport,70496b22,Tonga,2031-11-15,"0615 Bentley Island Apt. 861
Hinesmouth, MS 13179",9303357930,stevenortiz@example.net,Higher education careers adviser,"Abbott, Wilson and Leblanc",business income,<20k,True,10.0,0,,1987-11-23,,,,,,
a5d75d8e-47e2-474d-968f-3870f60f23da,4b25f647-aae4-45ea-a061-26e399bb2a5c,32d24c74-142e-4e97-8de4-64b63fd75490,online,2024-10-25 02:55:27,102.24,GBP,5735,Gas,debit,822.3,Visa,**** **** **** 7256,11/32,Bank of America,Allen Hamilton,03f4410f-0a38-4823-8a04-b9817a3686e3,"Fox, Manning and Gardner","{'city': 'Laurastad', 'state': 'MO', 'country': 'UK'}",T1366,CNP,online,"{'latitude': Decimal('-81.7901625'), 'longitude': Decimal('13.519591')}",287451,password,Passed,90,failed,fraud detected,,3,211.92.70.214,70003827-bf9b-44e3-a714-854c173d06a1,Mozilla/5.0 (Windows NT 5.2; ik-CA; rv:1.9.2.20) Gecko/6752-09-26 11:43:55 Firefox/7.0,55504d8a-04a6-4c3a-8401-ee6184155350,referral,Allen Hamilton,1953-08-11,Zimbabwe,Passport,70496b22,Tonga,2031-11-15,"0615 Bentley Island Apt. 861
Hinesmouth, MS 13179",9303357930,stevenortiz@example.net,Higher education careers adviser,"Abbott, Wilson and Leblanc",business income,<20k,True,10.0,0,,1987-11-23,,,,,,
6b027fdc-dd4e-49df-a324-b43bc12ec213,2b9bbea7-808b-4b26-baa8-1628076c822e,4c075797-c418-4786-b053-40fce1d76ec1,POS,2024-10-17 08:26:50,352.61,GBP,5812,Clothing,debit,4691.62,Visa,**** **** **** 1165,06/27,CitiBank,Ann Jones,23e344fb-e64c-4715-8484-119f9f6315df,Cook-Lawson,"{'city': 'East Randyside', 'state': 'AZ', 'country': 'UK'}",T3543,swipe,POS,"{'latitude': Decimal('24.2609825'), 'longitude': Decimal('110.696928')}",108183,password,,18,approved,,,10,,,,9e9602bd-45c9-4d1b-811e-ee231b2a5e6f,email,Ann Jones,1980-11-18,Saint Pierre and Miquelon,Driver's License,57b6d745,Wallis and Futuna,2031-05-11,"488 Aguilar Bypass
Nguyenmouth, UT 60906",681-532-6650x664,burnschristina@example.net,Museum/gallery exhibitions officer,Peters-Anderson,salary,50k-100k,False,6.0,0,,1994-11-21,,,,,,
ef8e455b-f8d6-4829-9134-72b5a3b44241,2b9bbea7-808b-4b26-baa8-1628076c822e,be253a8c-1190-470e-ba26-ca45e1816e97,online,2024-10-22 19:00:44,36.29,GBP,5921,Restaurant,saving,6045.29,Visa,**** **** **** 9263,07/34,Bank of America,Ann Jones,d015c4ec-2b75-45cf-81d2-bca1ec20bb90,Sims LLC,"{'city': 'Knightburgh', 'state': 'CA', 'country': 'UK'}",T1099,CNP,online,"{'latitude': Decimal('78.8081175'), 'longitude': Decimal('122.169118')}",833509,biometric,Passed,83,pending,fraud detected,,7,209.207.90.238,ce8bbad6-9b92-4d84-9a35-d9ca5c7eef28,Mozilla/5.0 (compatible; MSIE 7.0; Windows 98; Trident/5.1),375c11fe-ab27-4b7b-8b8d-b1a616825aad,referral,Ann Jones,1980-11-18,Saint Pierre and Miquelon,Driver's License,57b6d745,Wallis and Futuna,2031-05-11,"488 Aguilar Bypass
Nguyenmouth, UT 60906",681-532-6650x664,burnschristina@example.net,Museum/gallery exhibitions officer,Peters-Anderson,salary,50k-100k,False,6.0,0,,1994-11-21,,,,,,
0a9f6f4c-8628-4b44-b0b6-42b165bfd2f5,4b25f647-aae4-45ea-a061-26e399bb2a5c,32d24c74-142e-4e97-8de4-64b63fd75490,online,2024-11-05 22:24:03,158.75,GBP,5812,Gas,debit,1994.79,Visa,**** **** **** 7473,02/25,Bank of America,Allen Hamilton,03f4410f-0a38-4823-8a04-b9817a3686e3,"Fox, Manning and Gardner","{'city': 'Laurastad', 'state': 'MO', 'country': 'UK'}",T1366,CNP,online,"{'latitude': Decimal('-33.2205155'), 'longitude': Decimal('69.723142')}",591395,PIN,Passed,57,approved,technical error,,7,112.150.208.211,d80cd312-81c8-4c02-bf77-bd1dde58657d,Mozilla/5.0 (X11; Linux i686; rv:1.9.5.20) Gecko/9417-08-10 05:45:55 Firefox/3.6.3,e1cd4935-cf27-47ca-ac2e-db61d09c4b5e,referral,Allen Hamilton,1953-08-11,Zimbabwe,Passport,70496b22,Tonga,2031-11-15,"0615 Bentley Island Apt. 861
Hinesmouth, MS 13179",9303357930,stevenortiz@example.net,Higher education careers adviser,"Abbott, Wilson and Leblanc",business income,<20k,True,10.0,0,,1987-11-23,,,,,,
3c994238-871b-4626-857d-75219f1d9781,2b9bbea7-808b-4b26-baa8-1628076c822e,be253a8c-1190-470e-ba26-ca45e1816e97,online,2024-11-01 11:48:25,112.03,GBP,5735,Electronics,credit,9326.59,MasterCard,**** **** **** 2771,12/24,Bank of America,Ann Jones,d015c4ec-2b75-45cf-81d2-bca1ec20bb90,Sims LLC,"{'city': 'Knightburgh', 'state': 'CA', 'country': 'UK'}",T1099,CNP,online,"{'latitude': Decimal('19.9783675'), 'longitude': Decimal('104.030322')}",948369,biometric,Failed,84,pending,insufficient funds,,9,71.157.162.116,276543bd-1a56-43f3-8cbd-07cd572e3658,Opera/8.39.(Windows NT 11.0; yo-NG) Presto/2.9.169 Version/12.00,cd303bd5-7260-4cdf-ba6b-39d2db7c80a2,email,Ann Jones,1980-11-18,Saint Pierre and Miquelon,Driver's License,57b6d745,Wallis and Futuna,2031-05-11,"488 Aguilar Bypass
Nguyenmouth, UT 60906",681-532-6650x664,burnschristina@example.net,Museum/gallery exhibitions officer,Peters-Anderson,salary,50k-100k,False,6.0,0,,1994-11-21,,,,,,
d4468f0b-4bcb-47b9-a0a1-830901b217ae,4b25f647-aae4-45ea-a061-26e399bb2a5c,32d24c74-142e-4e97-8de4-64b63fd75490,inbound,2024-10-19 00:06:28,10.41,GBP,,Inbound Payment,,3832.95,,,,,,,,,,,bank_transfer,,,,,0,approved,,,0,,,,,,,,,,,,,,,,,,,,,,0,,,,Rhonda Mitchell,****3509,CitiBank,"{'city': 'Harrisberg', 'state': 'LA', 'country': 'Mauritania'}",refund
5193b2eb-e3c2-4fd7-9de2-986ae210208f,2b9bbea7-808b-4b26-baa8-1628076c822e,4c075797-c418-4786-b053-40fce1d76ec1,online,2024-10-28 21:39:02,395.67,GBP,5999,Gas,debit,9913.29,Visa,**** **** **** 2374,09/26,CitiBank,Ann Jones,02094ae3-33c4-43e0-afa0-e5ea87364898,"Johnson, Wood and Miller","{'city': 'Adamfort', 'state': 'NM', 'country': 'UK'}",T7011,CNP,online,"{'latitude': Decimal('47.425546'), 'longitude': Decimal('45.941484')}",255682,biometric,Passed,58,pending,fraud detected,,9,44.10.164.239,f1289474-ebe0-42b2-a6e7-020ac5f1d9ea,Opera/9.70.(X11; Linux i686; szl-PL) Presto/2.9.172 Version/10.00,6d107f8f-6f14-4804-ab78-c51ea75c68c3,email,Ann Jones,1980-11-18,Saint Pierre and Miquelon,Driver's License,57b6d745,Wallis and Futuna,2031-05-11,"488 Aguilar Bypass
Nguyenmouth, UT 60906",681-532-6650x664,burnschristina@example.net,Museum/gallery exhibitions officer,Peters-Anderson,salary,50k-100k,False,6.0,0,,1994-11-21,,,,,,
d1f561a8-a820-4395-a1ac-09e3ae4649c1,4b25f647-aae4-45ea-a061-26e399bb2a5c,32d24c74-142e-4e97-8de4-64b63fd75490,online,2024-10-25 11:58:47,14.31,GBP,5735,Restaurant,debit,3242.13,Visa,**** **** **** 1921,04/30,Bank of America,Allen Hamilton,03f4410f-0a38-4823-8a04-b9817a3686e3,"Fox, Manning and Gardner","{'city': 'Laurastad', 'state': 'MO', 'country': 'UK'}",T1366,CNP,online,"{'latitude': Decimal('73.394752'), 'longitude': Decimal('83.321182')}",472728,PIN,Passed,45,pending,,,10,134.151.180.158,f9f090f6-714b-42a4-bc7e-fad054368597,"Mozilla/5.0 (Windows NT 5.01) AppleWebKit/533.0 (KHTML, like Gecko) Chrome/25.0.837.0 Safari/533.0",f7e15671-404c-47e7-b057-6a80ecd71e18,email,Allen Hamilton,1953-08-11,Zimbabwe,Passport,70496b22,Tonga,2031-11-15,"0615 Bentley Island Apt. 861
Hinesmouth, MS 13179",9303357930,stevenortiz@example.net,Higher education careers adviser,"Abbott, Wilson and Leblanc",business income,<20k,True,10.0,0,,1987-11-23,,,,,,
d6d00cca-d524-48af-9318-5ad73b05d79a,2b9bbea7-808b-4b26-baa8-1628076c822e,be253a8c-1190-470e-ba26-ca45e1816e97,mobile_app,2024-11-09 08:52:10,167.67,GBP,5735,Electronics,credit,9535.07,Visa,**** **** **** 2977,10/32,Bank of America,Ann Jones,19bb487c-7719-4761-ab74-373a0888496e,"Brooks, Wade and Cook","{'city': 'Beasleyfurt', 'state': 'PR', 'country': 'UK'}",T2860,CNP,mobile_app,"{'latitude': Decimal('51.5543075'), 'longitude': Decimal('-127.257305')}",618604,PIN,,85,failed,technical error,,3,99.39.196.41,f6eba8f3-2e95-473b-87db-4c8af7715e4f,,bc7e8e28-5616-4e32-907d-3ff54fe1f074,email,Ann Jones,1980-11-18,Saint Pierre and Miquelon,Driver's License,57b6d745,Wallis and Futuna,2031-05-11,"488 Aguilar Bypass
Nguyenmouth, UT 60906",681-532-6650x664,burnschristina@example.net,Museum/gallery exhibitions officer,Peters-Anderson,salary,50k-100k,False,6.0,0,,1994-11-21,,,,,,
8abe784c-0ca7-43c6-8223-176ddfce1003,4b25f647-aae4-45ea-a061-26e399bb2a5c,32d24c74-142e-4e97-8de4-64b63fd75490,POS,2024-10-28 20:11:56,32.61,GBP,5735,Grocery,saving,1480.86,Visa,**** **** **** 5237,08/33,Bank of America,Allen Hamilton,a339d172-ca95-4440-953c-4af7e7c4aa62,Taylor-West,"{'city': 'Smithchester', 'state': 'VI', 'country': 'UK'}",T4958,NFC,POS,"{'latitude': Decimal('63.7510345'), 'longitude': Decimal('88.857624')}",107291,biometric,,39,pending,,,7,,,,1fa8f6a1-6e21-4366-a41c-73bb6b6937cd,direct,Allen Hamilton,1953-08-11,Zimbabwe,Passport,70496b22,Tonga,2031-11-15,"0615 Bentley Island Apt. 861
Hinesmouth, MS 13179",9303357930,stevenortiz@example.net,Higher education careers adviser,"Abbott, Wilson and Leblanc",business income,<20k,True,10.0,0,,1987-11-23,,,,,,
305b173a-b873-4585-8dea-231f1e23b431,4b25f647-aae4-45ea-a061-26e399bb2a5c,32d24c74-142e-4e97-8de4-64b63fd75490,online,2024-10-28 06:03:42,545.78,GBP,5735,Grocery,saving,9944.4,Visa,**** **** **** 5828,07/27,Bank of America,Allen Hamilton,03f4410f-0a38-4823-8a04-b9817a3686e3,"Fox, Manning and Gardner","{'city': 'Laurastad', 'state': 'MO', 'country': 'UK'}",T1366,CNP,online,"{'latitude': Decimal('-22.6053935'), 'longitude': Decimal('-33.139063')}",702528,PIN,Passed,4,approved,,,1,21.141.204.36,3d959e0e-5ae2-41f6-9417-14ef6b0d5891,Mozilla/5.0 (Android 5.0; Mobile; rv:8.0) Gecko/8.0 Firefox/8.0,7dcbb955-219f-4bae-893f-02d2160979e1,direct,Allen Hamilton,1953-08-11,Zimbabwe,Passport,70496b22,Tonga,2031-11-15,"0615 Bentley Island Apt. 861
Hinesmouth, MS 13179",9303357930,stevenortiz@example.net,Higher education careers adviser,"Abbott, Wilson and Leblanc",business income,<20k,True,10.0,0,,1987-11-23,,,,,,
3833432c-134b-4a4b-bf70-8214ce19c74f,4b25f647-aae4-45ea-a061-26e399bb2a5c,32d24c74-142e-4e97-8de4-64b63fd75490,inbound,2024-11-05 17:05:54,817.63,GBP,,Inbound Payment,,2514.56,,,,,,,,,,,bank_transfer,,,,,0,approved,,,0,,,,,,,,,,,,,,,,,,,,,,0,,,,Stephanie Young,****1097,CitiBank,"{'city': 'East Stephanie', 'state': 'NE', 'country': 'French Guiana'}",gift
7fcaf73a-273b-4b00-8862-e2788fde827a,4b25f647-aae4-45ea-a061-26e399bb2a5c,32d24c74-142e-4e97-8de4-64b63fd75490,online,2024-10-19 21:22:50,53.9,GBP,5999,Gas,credit,520.85,Visa,**** **** **** 7230,12/27,Bank of America,Allen Hamilton,d015c4ec-2b75-45cf-81d2-bca1ec20bb90,Sims LLC,"{'city': 'Knightburgh', 'state': 'CA', 'country': 'UK'}",T1099,CNP,online,"{'latitude': Decimal('-56.9395655'), 'longitude': Decimal('34.714810')}",971722,password,Passed,34,pending,,,4,16.136.183.43,97074637-c813-43d6-93de-5e8d95564d24,"Mozilla/5.0 (Linux; Android 3.2.5) AppleWebKit/535.2 (KHTML, like Gecko) Chrome/46.0.888.0 Safari/535.2",52b65abc-074c-479e-8bd5-d6a7a206b0c4,social media,Allen Hamilton,1953-08-11,Zimbabwe,Passport,70496b22,Tonga,2031-11-15,"0615 Bentley Island Apt. 861
Hinesmouth, MS 13179",9303357930,stevenortiz@example.net,Higher education careers adviser,"Abbott, Wilson and Leblanc",business income,<20k,True,10.0,0,,1987-11-23,,,,,,
0f811cbe-e6f0-4be7-bdd8-6396d17c0113,2b9bbea7-808b-4b26-baa8-1628076c822e,4c075797-c418-4786-b053-40fce1d76ec1,online,2024-10-27 16:46:44,107.88,GBP,5411,Electronics,saving,1992.42,Visa,**** **** **** 5908,06/27,CitiBank,Ann Jones,ff3570cc-072a-4e55-8d07-11b2b0a3f49d,Adams LLC,"{'city': 'Boydshire', 'state': 'FM', 'country': 'UK'}",T6370,CNP,online,"{'latitude': Decimal('89.977570'), 'longitude': Decimal('-18.903790')}",176794,biometric,Passed,97,approved,fraud detected,,5,26.119.220.220,bf3b526f-0877-423a-972a-d3f1ece9fb6e,Mozilla/5.0 (compatible; MSIE 7.0; Windows 98; Win 9x 4.90; Trident/3.0),45076dfe-bd34-4358-b4bf-4d83e00a27c4,email,Ann Jones,1980-11-18,Saint Pierre and Miquelon,Driver's License,57b6d745,Wallis and Futuna,2031-05-11,"488 Aguilar Bypass
Nguyenmouth, UT 60906",681-532-6650x664,burnschristina@example.net,Museum/gallery exhibitions officer,Peters-Anderson,salary,50k-100k,False,6.0,0,,1994-11-21,,,,,,
b39b8ac7-5009-49e4-a3dc-cf1c39e7c790,4b25f647-aae4-45ea-a061-26e399bb2a5c,32d24c74-142e-4e97-8de4-64b63fd75490,online,2024-11-12 21:49:40,807.33,GBP,5411,Gas,debit,2794.25,Visa,**** **** **** 2114,02/30,Bank of America,Allen Hamilton,a339d172-ca95-4440-953c-4af7e7c4aa62,Taylor-West,"{'city': 'Smithchester', 'state': 'VI', 'country': 'UK'}",T4958,CNP,online,"{'latitude': Decimal('-82.2144405'), 'longitude': Decimal('142.699821')}",171305,password,Passed,11,failed,technical error,,6,110.119.72.39,1e78394e-fd51-4fda-9f16-308d4f516155,"Mozilla/5.0 (Windows; U; Windows 98) AppleWebKit/533.19.6 (KHTML, like Gecko) Version/5.0 Safari/533.19.6",d11ae3cc-8591-4f00-8498-61585999fca9,direct,Allen Hamilton,1953-08-11,Zimbabwe,Passport,70496b22,Tonga,2031-11-15,"0615 Bentley Island Apt. 861
Hinesmouth, MS 13179",9303357930,stevenortiz@example.net,Higher education careers adviser,"Abbott, Wilson and Leblanc",business income,<20k,True,10.0,0,,1987-11-23,,,,,,
1dfc3bf6-959c-48c9-9380-b5f5e385a631,2b9bbea7-808b-4b26-baa8-1628076c822e,4c075797-c418-4786-b053-40fce1d76ec1,POS,2024-11-05 14:16:06,47.75,GBP,5921,Grocery,debit,5159.47,Visa,**** **** **** 3066,01/28,CitiBank,Ann Jones,a339d172-ca95-4440-953c-4af7e7c4aa62,Taylor-West,"{'city': 'Smithchester', 'state': 'VI', 'country': 'UK'}",T4958,chip,POS,"{'latitude': Decimal('63.4323455'), 'longitude': Decimal('-28.706169')}",516585,password,,47,pending,insufficient funds,,4,,,,5dc0f4eb-1d6e-4081-815b-05a9f8b20088,social media,Ann Jones,1980-11-18,Saint Pierre and Miquelon,Driver's License,57b6d745,Wallis and Futuna,2031-05-11,"488 Aguilar Bypass
Nguyenmouth, UT 60906",681-532-6650x664,burnschristina@example.net,Museum/gallery exhibitions officer,Peters-Anderson,salary,50k-100k,False,6.0,0,,1994-11-21,,,,,,
73cf0f1d-821f-4ab8-a198-cbe7b38cda9d,2b9bbea7-808b-4b26-baa8-1628076c822e,4c075797-c418-4786-b053-40fce1d76ec1,POS,2024-11-08 02:41:31,562.15,JPY,5411,Electronics,debit,3169.91,Visa,**** **** **** 7025,11/33,CitiBank,Ann Jones,073a1975-e0a9-4550-ae62-96701b42bec9,"Price, Benson and Smith","{'city': 'Campbellshire', 'state': 'GU', 'country': 'SD'}",T8772,NFC,POS,"{'latitude': Decimal('-26.175082'), 'longitude': Decimal('-160.137999')}",340908,biometric,,22,failed,technical error,1.0,7,,,,e96cec83-66f3-4a7a-a3e4-6515eb29ea79,referral,Ann Jones,1980-11-18,Saint Pierre and Miquelon,Driver's License,57b6d745,Wallis and Futuna,2031-05-11,"488 Aguilar Bypass
Nguyenmouth, UT 60906",681-532-6650x664,burnschristina@example.net,Museum/gallery exhibitions officer,Peters-Anderson,salary,50k-100k,False,6.0,0,,1994-11-21,,,,,,
de2146de-9524-4ea2-a2e6-ce5db361ef38,4b25f647-aae4-45ea-a061-26e399bb2a5c,32d24c74-142e-4e97-8de4-64b63fd75490,POS,2024-11-03 17:35:43,42.21,GBP,5921,Gas,debit,4910.49,Visa,**** **** **** 7341,06/31,Bank of America,Allen Hamilton,19bb487c-7719-4761-ab74-373a0888496e,"Brooks, Wade and Cook","{'city': 'Beasleyfurt', 'state': 'PR', 'country': 'UK'}",T2860,swipe,POS,"{'latitude': Decimal('0.522722'), 'longitude': Decimal('78.098977')}",143662,biometric,,70,failed,technical error,,8,,,,f3677025-75a4-48d6-b0e7-e3c26cf61e34,direct,Allen Hamilton,1953-08-11,Zimbabwe,Passport,70496b22,Tonga,2031-11-15,"0615 Bentley Island Apt. 861
Hinesmouth, MS 13179",9303357930,stevenortiz@example.net,Higher education careers adviser,"Abbott, Wilson and Leblanc",business income,<20k,True,10.0,0,,1987-11-23,,,,,,
1e670007-a4b5-4c87-b7ac-10f406e7a329,2b9bbea7-808b-4b26-baa8-1628076c822e,be253a8c-1190-470e-ba26-ca45e1816e97,mobile_app,2024-10-19 04:26:55,124.72,AUD,5411,Grocery,credit,7278.78,MasterCard,**** **** **** 9050,12/30,Bank of America,Ann Jones,9350c8f2-c9dc-4356-a55e-cadf645042ff,"Meyer, Kelly and Taylor","{'city': 'South Brian', 'state': 'ME', 'country': 'IL'}",T5705,CNP,mobile_app,"{'latitude': Decimal('24.621313'), 'longitude': Decimal('-160.146319')}",787417,PIN,,94,approved,,0.96,8,56.237.207.92,108e7180-e01d-4536-a1bc-1affb79c36f0,,4b159d3b-e8cd-4970-8c8c-470d528482a9,referral,Ann Jones,1980-11-18,Saint Pierre and Miquelon,Driver's License,57b6d745,Wallis and Futuna,2031-05-11,"488 Aguilar Bypass
Nguyenmouth, UT 60906",681-532-6650x664,burnschristina@example.net,Museum/gallery exhibitions officer,Peters-Anderson,salary,50k-100k,False,6.0,0,,1994-11-21,,,,,,
19166e2f-8227-447d-8c23-d20fbce2f659,4b25f647-aae4-45ea-a061-26e399bb2a5c,32d24c74-142e-4e97-8de4-64b63fd75490,mobile_app,2024-10-17 11:25:42,590.33,GBP,5921,Clothing,credit,7254.25,Visa,**** **** **** 3189,11/31,Bank of America,Allen Hamilton,ff3570cc-072a-4e55-8d07-11b2b0a3f49d,Adams LLC,"{'city': 'Boydshire', 'state': 'FM', 'country': 'UK'}",T6370,CNP,mobile_app,"{'latitude': Decimal('19.657093'), 'longitude': Decimal('35.262746')}",599232,password,,41,failed,technical error,,7,209.156.44.187,ee5415a9-c7d9-401e-ba39-a542988c51bf,,12bc6a97-0393-4028-b477-8a2dbc00b6c0,social media,Allen Hamilton,1953-08-11,Zimbabwe,Passport,70496b22,Tonga,2031-11-15,"0615 Bentley Island Apt. 861
Hinesmouth, MS 13179",9303357930,stevenortiz@example.net,Higher education careers adviser,"Abbott, Wilson and Leblanc",business income,<20k,True,10.0,0,,1987-11-23,,,,,,
5d0ac95e-5ed3-435d-aa68-df3f9ce30561,4b25f647-aae4-45ea-a061-26e399bb2a5c,32d24c74-142e-4e97-8de4-64b63fd75490,online,2024-10-19 19:18:02,278.16,GBP,5999,Clothing,debit,5308.86,Visa,**** **** **** 1928,08/28,Bank of America,Allen Hamilton,d015c4ec-2b75-45cf-81d2-bca1ec20bb90,Sims LLC,"{'city': 'Knightburgh', 'state': 'CA', 'country': 'UK'}",T1099,CNP,online,"{'latitude': Decimal('10.3613415'), 'longitude': Decimal('-124.221447')}",499200,biometric,Failed,22,approved,technical error,,8,54.4.243.11,cff4d08d-979e-4879-b75f-f1c7d6b50141,"Mozilla/5.0 (Macintosh; PPC Mac OS X 10_10_8 rv:4.0; km-KH) AppleWebKit/533.17.3 (KHTML, like Gecko) Version/4.0.4 Safari/533.17.3",5013c04b-05ef-4fa0-9381-0e32e215dcf9,referral,Allen Hamilton,1953-08-11,Zimbabwe,Passport,70496b22,Tonga,2031-11-15,"0615 Bentley Island Apt. 861
Hinesmouth, MS 13179",9303357930,stevenortiz@example.net,Higher education careers adviser,"Abbott, Wilson and Leblanc",business income,<20k,True,10.0,0,,1987-11-23,,,,,,
5b4f5493-5774-4d16-82f4-5434e4f1fc32,2b9bbea7-808b-4b26-baa8-1628076c822e,4c075797-c418-4786-b053-40fce1d76ec1,POS,2024-10-28 13:18:35,46.61,GBP,5921,Restaurant,debit,2115.49,Visa,**** **** **** 7457,02/34,CitiBank,Ann Jones,02094ae3-33c4-43e0-afa0-e5ea87364898,"Johnson, Wood and Miller","{'city': 'Adamfort', 'state': 'NM', 'country': 'UK'}",T7011,NFC,POS,"{'latitude': Decimal('-87.771632'), 'longitude': Decimal('-143.605225')}",572368,password,,83,failed,insufficient funds,,0,,,,0d935e95-2847-4892-b645-a1115163169a,social media,Ann Jones,1980-11-18,Saint Pierre and Miquelon,Driver's License,57b6d745,Wallis and Futuna,2031-05-11,"488 Aguilar Bypass
Nguyenmouth, UT 60906",681-532-6650x664,burnschristina@example.net,Museum/gallery exhibitions officer,Peters-Anderson,salary,50k-100k,False,6.0,0,,1994-11-21,,,,,,
53f3c163-65dd-403a-9018-0c4842f3c389,2b9bbea7-808b-4b26-baa8-1628076c822e,be253a8c-1190-470e-ba26-ca45e1816e97,online,2024-10-25 23:32:50,360.86,JPY,5921,Restaurant,saving,9362.9,Visa,**** **** **** 9153,07/33,Bank of America,Ann Jones,d015c4ec-2b75-45cf-81d2-bca1ec20bb90,Sims LLC,"{'city': 'North Kristen', 'state': 'PA', 'country': 'JP'}",T1099,CNP,online,"{'latitude': Decimal('80.5936415'), 'longitude': Decimal('-88.521737')}",955717,password,Passed,83,failed,insufficient funds,1.19,1,11.107.88.39,b9d15900-d6c1-40ee-b6a7-c00b5b627132,Mozilla/5.0 (X11; Linux x86_64; rv:1.9.6.20) Gecko/8246-10-01 13:55:14 Firefox/3.8,aa102e33-c9c8-4f45-ba85-94657fca9772,direct,Ann Jones,1980-11-18,Saint Pierre and Miquelon,Driver's License,57b6d745,Wallis and Futuna,2031-05-11,"488 Aguilar Bypass
Nguyenmouth, UT 60906",681-532-6650x664,burnschristina@example.net,Museum/gallery exhibitions officer,Peters-Anderson,salary,50k-100k,False,6.0,0,,1994-11-21,,,,,,
71f06849-b0c2-4bc4-917d-3d04914651ac,2b9bbea7-808b-4b26-baa8-1628076c822e,be253a8c-1190-470e-ba26-ca45e1816e97,POS,2024-10-21 07:21:34,60.35,GBP,5921,Gas,credit,5200.35,Visa,**** **** **** 6817,08/28,Bank of America,Ann Jones,ff3570cc-072a-4e55-8d07-11b2b0a3f49d,Adams LLC,"{'city': 'Boydshire', 'state': 'FM', 'country': 'UK'}",T6370,swipe,POS,"{'latitude': Decimal('56.517975'), 'longitude': Decimal('43.346146')}",224621,PIN,,94,approved,,,1,,,,2ae1cf06-111f-4881-a884-5b2de8e1148e,direct,Ann Jones,1980-11-18,Saint Pierre and Miquelon,Driver's License,57b6d745,Wallis and Futuna,2031-05-11,"488 Aguilar Bypass
Nguyenmouth, UT 60906",681-532-6650x664,burnschristina@example.net,Museum/gallery exhibitions officer,Peters-Anderson,salary,50k-100k,False,6.0,0,,1994-11-21,,,,,,
5b696a29-2210-4801-a3fc-dc09694f6842,2b9bbea7-808b-4b26-baa8-1628076c822e,4c075797-c418-4786-b053-40fce1d76ec1,mobile_app,2024-10-23 16:02:36,23.84,GBP,5411,Gas,debit,5711.92,Visa,**** **** **** 6378,01/30,CitiBank,Ann Jones,39c14949-245c-49fd-9f32-9da8bb9d7c65,"Johnson, Farrell and Fowler","{'city': 'North Barry', 'state': 'WA', 'country': 'UK'}",T5811,CNP,mobile_app,"{'latitude': Decimal('-53.7291065'), 'longitude': Decimal('-83.276787')}",921344,biometric,,3,failed,insufficient funds,,3,33.11.77.251,b968e737-02fb-421b-9657-340a9fd4676e,,e0e79f4e-b842-438b-a9bb-ba255585d8c5,direct,Ann Jones,1980-11-18,Saint Pierre and Miquelon,Driver's License,57b6d745,Wallis and Futuna,2031-05-11,"488 Aguilar Bypass
Nguyenmouth, UT 60906",681-532-6650x664,burnschristina@example.net,Museum/gallery exhibitions officer,Peters-Anderson,salary,50k-100k,False,6.0,0,,1994-11-21,,,,,,
eb8383cd-c7e3-4440-baa5-54de240733b5,4b25f647-aae4-45ea-a061-26e399bb2a5c,32d24c74-142e-4e97-8de4-64b63fd75490,POS,2024-11-12 18:46:14,496.41,GBP,5999,Clothing,credit,4798.35,Visa,**** **** **** 3226,05/27,Bank of America,Allen Hamilton,02094ae3-33c4-43e0-afa0-e5ea87364898,"Johnson, Wood and Miller","{'city': 'Adamfort', 'state': 'NM', 'country': 'UK'}",T7011,swipe,POS,"{'latitude': Decimal('-49.924279'), 'longitude': Decimal('-104.156610')}",556729,biometric,,27,pending,fraud detected,,3,,,,73d6bdd3-36cb-47f4-bd93-aeec68bf00c6,email,Allen Hamilton,1953-08-11,Zimbabwe,Passport,70496b22,Tonga,2031-11-15,"0615 Bentley Island Apt. 861
Hinesmouth, MS 13179",9303357930,stevenortiz@example.net,Higher education careers adviser,"Abbott, Wilson and Leblanc",business income,<20k,True,10.0,0,,1987-11-23,,,,,,
dca27138-c96b-481b-b5a5-c575e310c022,4b25f647-aae4-45ea-a061-26e399bb2a5c,32d24c74-142e-4e97-8de4-64b63fd75490,POS,2024-10-28 00:22:37,120.3,GBP,5999,Gas,credit,4817.39,MasterCard,**** **** **** 7926,06/30,Bank of America,Allen Hamilton,23e344fb-e64c-4715-8484-119f9f6315df,Cook-Lawson,"{'city': 'East Randyside', 'state': 'AZ', 'country': 'UK'}",T3543,chip,POS,"{'latitude': Decimal('-1.488035'), 'longitude': Decimal('25.130518')}",638355,biometric,,37,approved,insufficient funds,,4,,,,3a6ad3de-fd19-4119-8566-731cabc2cfbb,direct,Allen Hamilton,1953-08-11,Zimbabwe,Passport,70496b22,Tonga,2031-11-15,"0615 Bentley Island Apt. 861
Hinesmouth, MS 13179",9303357930,stevenortiz@example.net,Higher education careers adviser,"Abbott, Wilson and Leblanc",business income,<20k,True,10.0,0,,1987-11-23,,,,,,
27dcfdcd-1fa9-45bd-92fe-88751c145c27,4b25f647-aae4-45ea-a061-26e399bb2a5c,32d24c74-142e-4e97-8de4-64b63fd75490,POS,2024-11-06 05:14:55,475.17,GBP,5411,Gas,saving,493.17,Visa,**** **** **** 7673,02/28,Bank of America,Allen Hamilton,073a1975-e0a9-4550-ae62-96701b42bec9,"Price, Benson and Smith","{'city': 'Rodriguezchester', 'state': 'WA', 'country': 'UK'}",T8772,swipe,POS,"{'latitude': Decimal('-29.9535315'), 'longitude': Decimal('74.411696')}",561195,PIN,,85,pending,fraud detected,,1,,,,3548cf06-ce87-45ca-884b-cc71d4ae21ba,direct,Allen Hamilton,1953-08-11,Zimbabwe,Passport,70496b22,Tonga,2031-11-15,"0615 Bentley Island Apt. 861
Hinesmouth, MS 13179",9303357930,stevenortiz@example.net,Higher education careers adviser,"Abbott, Wilson and Leblanc",business income,<20k,True,10.0,0,,1987-11-23,,,,,,
1b6784ee-3881-495d-b970-050a36d6214b,4b25f647-aae4-45ea-a061-26e399bb2a5c,32d24c74-142e-4e97-8de4-64b63fd75490,online,2024-11-06 13:53:37,367.47,GBP,5812,Restaurant,saving,8672.9,Visa,**** **** **** 2408,05/30,Bank of America,Allen Hamilton,a339d172-ca95-4440-953c-4af7e7c4aa62,Taylor-West,"{'city': 'Smithchester', 'state': 'VI', 'country': 'UK'}",T4958,CNP,online,"{'latitude': Decimal('17.162109'), 'longitude': Decimal('93.692834')}",546351,PIN,Failed,69,pending,technical error,,1,109.143.218.44,743ccd82-2575-4bfd-a5c6-f2db42bfabfc,Opera/8.77.(Windows NT 5.0; kl-GL) Presto/2.9.161 Version/10.00,73d79bd2-3238-4dce-9a55-c81bf1832b38,referral,Allen Hamilton,1953-08-11,Zimbabwe,Passport,70496b22,Tonga,2031-11-15,"0615 Bentley Island Apt. 861
Hinesmouth, MS 13179",9303357930,stevenortiz@example.net,Higher education careers adviser,"Abbott, Wilson and Leblanc",business income,<20k,True,10.0,0,,1987-11-23,,,,,,
1b978f1b-9e51-443d-a709-2e7ab6e49126,2b9bbea7-808b-4b26-baa8-1628076c822e,be253a8c-1190-470e-ba26-ca45e1816e97,POS,2024-10-25 04:26:16,579.2,GBP,5411,Gas,debit,6217.62,Visa,**** **** **** 7828,10/33,Bank of America,Ann Jones,d015c4ec-2b75-45cf-81d2-bca1ec20bb90,Sims LLC,"{'city': 'Knightburgh', 'state': 'CA', 'country': 'UK'}",T1099,chip,POS,"{'latitude': Decimal('-63.485005'), 'longitude': Decimal('-56.729398')}",312567,PIN,,31,pending,technical error,,9,,,,6e628d62-a987-4f8c-aa08-e83bd81e69c3,email,Ann Jones,1980-11-18,Saint Pierre and Miquelon,Driver's License,57b6d745,Wallis and Futuna,2031-05-11,"488 Aguilar Bypass
Nguyenmouth, UT 60906",681-532-6650x664,burnschristina@example.net,Museum/gallery exhibitions officer,Peters-Anderson,salary,50k-100k,False,6.0,0,,1994-11-21,,,,,,
f9e3f45d-bdc8-40d1-ba9a-0e656a919279,4b25f647-aae4-45ea-a061-26e399bb2a5c,32d24c74-142e-4e97-8de4-64b63fd75490,mobile_app,2024-11-01 21:52:54,355.63,GBP,5921,Gas,debit,7718.66,Visa,**** **** **** 4824,06/30,Bank of America,Allen Hamilton,19bb487c-7719-4761-ab74-373a0888496e,"Brooks, Wade and Cook","{'city': 'Beasleyfurt', 'state': 'PR', 'country': 'UK'}",T2860,CNP,mobile_app,"{'latitude': Decimal('-42.1507985'), 'longitude': Decimal('-38.240050')}",906534,password,,31,pending,insufficient funds,,9,63.126.79.52,ac93a660-05a0-4c42-bd87-0f51779c5c17,,fd3d9c34-ed9b-4360-ba2d-9d3cf67d82b8,social media,Allen Hamilton,1953-08-11,Zimbabwe,Passport,70496b22,Tonga,2031-11-15,"0615 Bentley Island Apt. 861
Hinesmouth, MS 13179",9303357930,stevenortiz@example.net,Higher education careers adviser,"Abbott, Wilson and Leblanc",business income,<20k,True,10.0,0,,1987-11-23,,,,,,
89539bf8-94ce-4e9b-99c7-1b0c57624fc4,2b9bbea7-808b-4b26-baa8-1628076c822e,be253a8c-1190-470e-ba26-ca45e1816e97,mobile_app,2024-10-31 14:32:14,129.59,GBP,5921,Electronics,debit,9132.05,Visa,**** **** **** 3901,12/24,Bank of America,Ann Jones,03f4410f-0a38-4823-8a04-b9817a3686e3,"Fox, Manning and Gardner","{'city': 'Laurastad', 'state': 'MO', 'country': 'UK'}",T1366,CNP,mobile_app,"{'latitude': Decimal('-78.0443195'), 'longitude': Decimal('35.603398')}",746172,password,,47,failed,technical error,,4,97.145.151.123,4b99f40a-ba41-438e-b3f6-b0f4db089cc2,,99dce731-9a75-4ec0-8150-ea185432d562,social media,Ann Jones,1980-11-18,Saint Pierre and Miquelon,Driver's License,57b6d745,Wallis and Futuna,2031-05-11,"488 Aguilar Bypass
Nguyenmouth, UT 60906",681-532-6650x664,burnschristina@example.net,Museum/gallery exhibitions officer,Peters-Anderson,salary,50k-100k,False,6.0,0,,1994-11-21,,,,,,
df763c93-8511-44bb-972f-57a4b4651ec6,4b25f647-aae4-45ea-a061-26e399bb2a5c,32d24c74-142e-4e97-8de4-64b63fd75490,online,2024-11-04 07:00:06,562.79,GBP,5411,Electronics,credit,6197.09,Visa,**** **** **** 5271,05/25,Bank of America,Allen Hamilton,073a1975-e0a9-4550-ae62-96701b42bec9,"Price, Benson and Smith","{'city': 'Rodriguezchester', 'state': 'WA', 'country': 'UK'}",T8772,CNP,online,"{'latitude': Decimal('-76.1485995'), 'longitude': Decimal('-31.210507')}",160432,password,Failed,79,failed,,,7,219.185.164.165,45eab665-6b24-4aea-9c17-23ed39d27bd4,Mozilla/5.0 (compatible; MSIE 5.0; Windows 98; Trident/3.1),1f195de7-1fe4-4233-9f92-19e86270d714,direct,Allen Hamilton,1953-08-11,Zimbabwe,Passport,70496b22,Tonga,2031-11-15,"0615 Bentley Island Apt. 861
Hinesmouth, MS 13179",9303357930,stevenortiz@example.net,Higher education careers adviser,"Abbott, Wilson and Leblanc",business income,<20k,True,10.0,0,,1987-11-23,,,,,,
374fc944-2031-4927-ab9f-2d44b6dfdc20,4b25f647-aae4-45ea-a061-26e399bb2a5c,32d24c74-142e-4e97-8de4-64b63fd75490,POS,2024-11-10 01:53:24,371.73,GBP,5999,Restaurant,debit,4537.16,Visa,**** **** **** 8890,12/24,Bank of America,Allen Hamilton,02094ae3-33c4-43e0-afa0-e5ea87364898,"Johnson, Wood and Miller","{'city': 'Adamfort', 'state': 'NM', 'country': 'UK'}",T7011,swipe,POS,"{'latitude': Decimal('-50.2554765'), 'longitude': Decimal('171.948503')}",674027,PIN,,56,approved,insufficient funds,,8,,,,e347b120-97d0-4486-a0ba-576aff8f7fe2,referral,Allen Hamilton,1953-08-11,Zimbabwe,Passport,70496b22,Tonga,2031-11-15,"0615 Bentley Island Apt. 861
Hinesmouth, MS 13179",9303357930,stevenortiz@example.net,Higher education careers adviser,"Abbott, Wilson and Leblanc",business income,<20k,True,10.0,0,,1987-11-23,,,,,,
2ce59d46-927c-4511-9832-660437c5c839,4b25f647-aae4-45ea-a061-26e399bb2a5c,32d24c74-142e-4e97-8de4-64b63fd75490,inbound,2024-11-04 11:13:13,191.71,GBP,,Inbound Payment,,5477.62,,,,,,,,,,,bank_transfer,,,,,0,approved,,,0,,,,,,,,,,,,,,,,,,,,,,0,,,,Brianna Gutierrez,****8421,CitiBank,"{'city': 'Melaniehaven', 'state': 'KS', 'country': 'Marshall Islands'}",loan
13e9bb26-2903-48fb-9e45-c8536153e86c,4b25f647-aae4-45ea-a061-26e399bb2a5c,32d24c74-142e-4e97-8de4-64b63fd75490,inbound,2024-11-06 11:27:44,199.61,GBP,,Inbound Payment,,5081.18,,,,,,,,,,,bank_transfer,,,,,0,approved,,,0,,,,,,,,,,,,,,,,,,,,,,0,,,,Timothy Price,****5884,Wells Fargo,"{'city': 'Normanport', 'state': 'OK', 'country': 'Egypt'}",investment
914f6efc-603e-42d9-89d9-d7143e9d8b54,4b25f647-aae4-45ea-a061-26e399bb2a5c,32d24c74-142e-4e97-8de4-64b63fd75490,mobile_app,2024-10-28 12:02:28,502.28,GBP,5921,Gas,saving,3744.19,Visa,**** **** **** 8853,06/29,Bank of America,Allen Hamilton,02094ae3-33c4-43e0-afa0-e5ea87364898,"Johnson, Wood and Miller","{'city': 'Adamfort', 'state': 'NM', 'country': 'UK'}",T7011,CNP,mobile_app,"{'latitude': Decimal('-75.666267'), 'longitude': Decimal('79.678872')}",696406,biometric,,48,pending,fraud detected,,10,66.47.125.114,329caa47-7f96-4f3a-9a5f-eb9cf1833e23,,137d30b4-b27a-4f7b-9207-0de2393100bb,email,Allen Hamilton,1953-08-11,Zimbabwe,Passport,70496b22,Tonga,2031-11-15,"0615 Bentley Island Apt. 861
Hinesmouth, MS 13179",9303357930,stevenortiz@example.net,Higher education careers adviser,"Abbott, Wilson and Leblanc",business income,<20k,True,10.0,0,,1987-11-23,,,,,,
207ae4b5-7437-4e69-9d6f-d4793cd4b1a8,2b9bbea7-808b-4b26-baa8-1628076c822e,be253a8c-1190-470e-ba26-ca45e1816e97,online,2024-11-02 11:51:24,513.86,GBP,5921,Clothing,debit,1996.38,Visa,**** **** **** 5332,04/26,Bank of America,Ann Jones,19bb487c-7719-4761-ab74-373a0888496e,"Brooks, Wade and Cook","{'city': 'Beasleyfurt', 'state': 'PR', 'country': 'UK'}",T2860,CNP,online,"{'latitude': Decimal('57.083778'), 'longitude': Decimal('-5.708658')}",717718,biometric,Failed,87,failed,insufficient funds,,2,7.81.173.185,f2125050-1a27-42c5-a3b8-c7d2a16c2069,"Mozilla/5.0 (Windows; U; Windows NT 4.0) AppleWebKit/532.21.4 (KHTML, like Gecko) Version/4.0.1 Safari/532.21.4",f9c4603e-3371-42c4-833b-de3d83a84d2f,social media,Ann Jones,1980-11-18,Saint Pierre and Miquelon,Driver's License,57b6d745,Wallis and Futuna,2031-05-11,"488 Aguilar Bypass
Nguyenmouth, UT 60906",681-532-6650x664,burnschristina@example.net,Museum/gallery exhibitions officer,Peters-Anderson,salary,50k-100k,False,6.0,0,,1994-11-21,,,,,,
1a97e3e9-a582-4a22-8c74-c6527563eeed,4b25f647-aae4-45ea-a061-26e399bb2a5c,32d24c74-142e-4e97-8de4-64b63fd75490,mobile_app,2024-10-26 20:14:29,414.5,GBP,5921,Gas,saving,8377.72,Visa,**** **** **** 4025,06/29,Bank of America,Allen Hamilton,a339d172-ca95-4440-953c-4af7e7c4aa62,Taylor-West,"{'city': 'Smithchester', 'state': 'VI', 'country': 'UK'}",T4958,CNP,mobile_app,"{'latitude': Decimal('-50.1211495'), 'longitude': Decimal('-138.707035')}",225367,PIN,,63,failed,technical error,,2,6.135.64.133,1335cc8a-fe1d-4576-b827-9ceecb8d8a07,,788e8347-e4d2-4f8c-bdfb-36afde2743b8,referral,Allen Hamilton,1953-08-11,Zimbabwe,Passport,70496b22,Tonga,2031-11-15,"0615 Bentley Island Apt. 861
Hinesmouth, MS 13179",9303357930,stevenortiz@example.net,Higher education careers adviser,"Abbott, Wilson and Leblanc",business income,<20k,True,10.0,0,,1987-11-23,,,,,,
a3e6b5c9-62cc-45fd-b6b5-0e5a78382aaa,2b9bbea7-808b-4b26-baa8-1628076c822e,be253a8c-1190-470e-ba26-ca45e1816e97,inbound,2024-10-30 07:18:19,481.33,GBP,,Inbound Payment,,3199.98,,,,,,,,,,,bank_transfer,,,,,0,approved,,,0,,,,,,,,,,,,,,,,,,,,,,0,,,,Zachary Hill,****6297,Bank of America,"{'city': 'Lake Vanessa', 'state': 'MA', 'country': 'Holy See (Vatican City State)'}",investment
8c24a05b-7c81-402e-8b72-f3ec188501a8,4b25f647-aae4-45ea-a061-26e399bb2a5c,32d24c74-142e-4e97-8de4-64b63fd75490,mobile_app,2024-11-07 08:27:09,145.64,GBP,5999,Electronics,saving,8104.72,Visa,**** **** **** 3476,09/31,Bank of America,Allen Hamilton,19bb487c-7719-4761-ab74-373a0888496e,"Brooks, Wade and Cook","{'city': 'Beasleyfurt', 'state': 'PR', 'country': 'UK'}",T2860,CNP,mobile_app,"{'latitude': Decimal('73.730330'), 'longitude': Decimal('-94.462314')}",825533,password,,64,approved,fraud detected,,8,112.193.66.50,d570c2b1-497a-4fc3-823d-507b59dc67c0,,3a208ff3-36fa-4450-b756-95b050ae6955,referral,Allen Hamilton,1953-08-11,Zimbabwe,Passport,70496b22,Tonga,2031-11-15,"0615 Bentley Island Apt. 861
Hinesmouth, MS 13179",9303357930,stevenortiz@example.net,Higher education careers adviser,"Abbott, Wilson and Leblanc",business income,<20k,True,10.0,0,,1987-11-23,,,,,,
925ed7d5-5bf0-419c-8a9e-b107fde3c488,4b25f647-aae4-45ea-a061-26e399bb2a5c,32d24c74-142e-4e97-8de4-64b63fd75490,POS,2024-10-24 03:36:02,329.81,GBP,5999,Gas,debit,5607.87,Visa,**** **** **** 1363,03/33,Bank of America,Allen Hamilton,19bb487c-7719-4761-ab74-373a0888496e,"Brooks, Wade and Cook","{'city': 'Beasleyfurt', 'state': 'PR', 'country': 'UK'}",T2860,swipe,POS,"{'latitude': Decimal('32.215544'), 'longitude': Decimal('-98.812450')}",861609,biometric,,23,pending,fraud detected,,1,,,,05fe0f91-fa46-4672-866b-b3da820b838f,referral,Allen Hamilton,1953-08-11,Zimbabwe,Passport,70496b22,Tonga,2031-11-15,"0615 Bentley Island Apt. 861
Hinesmouth, MS 13179",9303357930,stevenortiz@example.net,Higher education careers adviser,"Abbott, Wilson and Leblanc",business income,<20k,True,10.0,0,,1987-11-23,,,,,,
1d5fd2fd-98fc-4ba4-84a5-0d16684a1a85,4b25f647-aae4-45ea-a061-26e399bb2a5c,32d24c74-142e-4e97-8de4-64b63fd75490,POS,2024-10-21 17:41:59,60.07,GBP,5921,Clothing,saving,7165.97,Visa,**** **** **** 7493,12/29,Bank of America,Allen Hamilton,ff3570cc-072a-4e55-8d07-11b2b0a3f49d,Adams LLC,"{'city': 'Boydshire', 'state': 'FM', 'country': 'UK'}",T6370,chip,POS,"{'latitude': Decimal('87.071015'), 'longitude': Decimal('-95.994655')}",899210,PIN,,7,failed,fraud detected,,3,,,,8ba34dc1-38da-4ba6-b8b2-979060c4d439,direct,Allen Hamilton,1953-08-11,Zimbabwe,Passport,70496b22,Tonga,2031-11-15,"0615 Bentley Island Apt. 861
Hinesmouth, MS 13179",9303357930,stevenortiz@example.net,Higher education careers adviser,"Abbott, Wilson and Leblanc",business income,<20k,True,10.0,0,,1987-11-23,,,,,,
438f0e02-302d-4bd1-bc13-a1eacd65de25,4b25f647-aae4-45ea-a061-26e399bb2a5c,32d24c74-142e-4e97-8de4-64b63fd75490,POS,2024-10-18 15:39:08,23.1,GBP,5735,Restaurant,debit,454.64,Visa,**** **** **** 4240,07/30,Bank of America,Allen Hamilton,03f4410f-0a38-4823-8a04-b9817a3686e3,"Fox, Manning and Gardner","{'city': 'Laurastad', 'state': 'MO', 'country': 'UK'}",T1366,chip,POS,"{'latitude': Decimal('34.0392365'), 'longitude': Decimal('136.789913')}",382533,password,,58,failed,fraud detected,,7,,,,fdc40e0e-4d37-46cc-ab9c-ec14654d9b8c,email,Allen Hamilton,1953-08-11,Zimbabwe,Passport,70496b22,Tonga,2031-11-15,"0615 Bentley Island Apt. 861
Hinesmouth, MS 13179",9303357930,stevenortiz@example.net,Higher education careers adviser,"Abbott, Wilson and Leblanc",business income,<20k,True,10.0,0,,1987-11-23,,,,,,
af23232f-d52d-4df9-b9c7-f3a212048eb5,2b9bbea7-808b-4b26-baa8-1628076c822e,4c075797-c418-4786-b053-40fce1d76ec1,POS,2024-11-01 08:28:52,164.06,GBP,5735,Gas,credit,6580.65,Visa,**** **** **** 1621,02/32,CitiBank,Ann Jones,073a1975-e0a9-4550-ae62-96701b42bec9,"Price, Benson and Smith","{'city': 'Rodriguezchester', 'state': 'WA', 'country': 'UK'}",T8772,chip,POS,"{'latitude': Decimal('-85.0543635'), 'longitude': Decimal('110.265341')}",960595,biometric,,65,approved,technical error,,2,,,,c090d24b-ba08-4a44-aed9-b7c6639bb0ce,referral,Ann Jones,1980-11-18,Saint Pierre and Miquelon,Driver's License,57b6d745,Wallis and Futuna,2031-05-11,"488 Aguilar Bypass
Nguyenmouth, UT 60906",681-532-6650x664,burnschristina@example.net,Museum/gallery exhibitions officer,Peters-Anderson,salary,50k-100k,False,6.0,0,,1994-11-21,,,,,,
3c73d074-1ce6-4851-a1c7-2b6fda0bdeb2,4b25f647-aae4-45ea-a061-26e399bb2a5c,32d24c74-142e-4e97-8de4-64b63fd75490,mobile_app,2024-11-01 11:58:07,173.17,GBP,5921,Restaurant,saving,9445.34,Visa,**** **** **** 5056,07/27,Bank of America,Allen Hamilton,d015c4ec-2b75-45cf-81d2-bca1ec20bb90,Sims LLC,"{'city': 'Knightburgh', 'state': 'CA', 'country': 'UK'}",T1099,CNP,mobile_app,"{'latitude': Decimal('-86.424059'), 'longitude': Decimal('-5.110044')}",883571,password,,8,approved,,,0,109.126.94.84,29b241f4-9a49-4c60-96d8-2c925502bb25,,ac266094-d7af-47b4-84e0-85935b5671b8,referral,Allen Hamilton,1953-08-11,Zimbabwe,Passport,70496b22,Tonga,2031-11-15,"0615 Bentley Island Apt. 861
Hinesmouth, MS 13179",9303357930,stevenortiz@example.net,Higher education careers adviser,"Abbott, Wilson and Leblanc",business income,<20k,True,10.0,0,,1987-11-23,,,,,,
203564f8-8cba-4fb3-b960-fd4221c6ac88,2b9bbea7-808b-4b26-baa8-1628076c822e,be253a8c-1190-470e-ba26-ca45e1816e97,inbound,2024-11-07 21:40:53,432.54,GBP,,Inbound Payment,,7474.95,,,,,,,,,,,bank_transfer,,,,,0,approved,,,0,,,,,,,,,,,,,,,,,,,,,,0,,,,Teresa Mccarthy,****6957,Bank of America,"{'city': 'Ashleyberg', 'state': 'MP', 'country': 'Haiti'}",loan
f385d7fc-a77f-4836-8e4c-e5a48cd7dbe3,4b25f647-aae4-45ea-a061-26e399bb2a5c,32d24c74-142e-4e97-8de4-64b63fd75490,POS,2024-11-08 10:53:18,377.19,CAD,5999,Grocery,saving,271.82,Visa,**** **** **** 7402,05/31,Bank of America,Allen Hamilton,073a1975-e0a9-4550-ae62-96701b42bec9,"Price, Benson and Smith","{'city': 'Michellemouth', 'state': 'CA', 'country': 'DE'}",T8772,swipe,POS,"{'latitude': Decimal('-44.8665165'), 'longitude': Decimal('-44.552106')}",362203,PIN,,83,approved,fraud detected,1.3,0,,,,568aba92-a492-47a4-becf-aacfb07a0da7,social media,Allen Hamilton,1953-08-11,Zimbabwe,Passport,70496b22,Tonga,2031-11-15,"0615 Bentley Island Apt. 861
Hinesmouth, MS 13179",9303357930,stevenortiz@example.net,Higher education careers adviser,"Abbott, Wilson and Leblanc",business income,<20k,True,10.0,0,,1987-11-23,,,,,,
2ea7a409-1048-4471-8390-1d630727c35d,2b9bbea7-808b-4b26-baa8-1628076c822e,be253a8c-1190-470e-ba26-ca45e1816e97,POS,2024-11-13 12:13:44,19.5,GBP,5921,Grocery,debit,8051.11,Visa,**** **** **** 5717,10/28,Bank of America,Ann Jones,19bb487c-7719-4761-ab74-373a0888496e,"Brooks, Wade and Cook","{'city': 'Beasleyfurt', 'state': 'PR', 'country': 'UK'}",T2860,chip,POS,"{'latitude': Decimal('86.3818615'), 'longitude': Decimal('-174.800816')}",714137,biometric,,74,failed,,,9,,,,250682e6-1152-45d0-98b5-42a929c15c4f,social media,Ann Jones,1980-11-18,Saint Pierre and Miquelon,Driver's License,57b6d745,Wallis and Futuna,2031-05-11,"488 Aguilar Bypass
Nguyenmouth, UT 60906",681-532-6650x664,burnschristina@example.net,Museum/gallery exhibitions officer,Peters-Anderson,salary,50k-100k,False,6.0,0,,1994-11-21,,,,,,
1567d09a-3adc-43d7-a43a-298821f70f86,4b25f647-aae4-45ea-a061-26e399bb2a5c,32d24c74-142e-4e97-8de4-64b63fd75490,mobile_app,2024-10-25 04:46:12,1146.01,GBP,5411,Restaurant,saving,264.79,Visa,**** **** **** 9972,10/29,Bank of America,Allen Hamilton,9350c8f2-c9dc-4356-a55e-cadf645042ff,"Meyer, Kelly and Taylor","{'city': 'South Jacob', 'state': 'CA', 'country': 'UK'}",T5705,CNP,mobile_app,"{'latitude': Decimal('35.201303'), 'longitude': Decimal('4.308356')}",801266,biometric,,64,pending,technical error,,3,203.128.233.117,bd58eb3d-c787-4dea-a6ae-5ec82ec03c46,,9950af20-01a7-49fd-ab3d-04dd3d245691,referral,Allen Hamilton,1953-08-11,Zimbabwe,Passport,70496b22,Tonga,2031-11-15,"0615 Bentley Island Apt. 861
Hinesmouth, MS 13179",9303357930,stevenortiz@example.net,Higher education careers adviser,"Abbott, Wilson and Leblanc",business income,<20k,True,10.0,0,,1987-11-23,,,,,,
d9b15173-e4a0-4dbf-bc36-aa0d474a8880,4b25f647-aae4-45ea-a061-26e399bb2a5c,32d24c74-142e-4e97-8de4-64b63fd75490,POS,2024-10-27 00:54:10,69.86,GBP,5411,Gas,saving,2386.18,Visa,**** **** **** 4105,09/29,Bank of America,Allen Hamilton,39c14949-245c-49fd-9f32-9da8bb9d7c65,"Johnson, Farrell and Fowler","{'city': 'North Barry', 'state': 'WA', 'country': 'UK'}",T5811,chip,POS,"{'latitude': Decimal('56.7417425'), 'longitude': Decimal('157.871049')}",292010,password,,33,pending,technical error,,10,,,,f635ad2b-d18e-450b-88f0-83fa32206201,email,Allen Hamilton,1953-08-11,Zimbabwe,Passport,70496b22,Tonga,2031-11-15,"0615 Bentley Island Apt. 861
Hinesmouth, MS 13179",9303357930,stevenortiz@example.net,Higher education careers adviser,"Abbott, Wilson and Leblanc",business income,<20k,True,10.0,0,,1987-11-23,,,,,,
3b765615-b363-42b6-86f0-c212496a0374,2b9bbea7-808b-4b26-baa8-1628076c822e,be253a8c-1190-470e-ba26-ca45e1816e97,mobile_app,2024-11-03 16:37:44,490.8,GBP,5812,Clothing,debit,4423.1,Visa,**** **** **** 1374,11/28,Bank of America,Ann Jones,a339d172-ca95-4440-953c-4af7e7c4aa62,Taylor-West,"{'city': 'Smithchester', 'state': 'VI', 'country': 'UK'}",T4958,CNP,mobile_app,"{'latitude': Decimal('-60.4683275'), 'longitude': Decimal('-1.555523')}",282513,password,,33,pending,technical error,,4,196.223.214.60,46bc43d2-9a3f-4e06-ad5b-d5a584d5cb0d,,a224e051-783f-4038-9498-4ec7ac538c78,social media,Ann Jones,1980-11-18,Saint Pierre and Miquelon,Driver's License,57b6d745,Wallis and Futuna,2031-05-11,"488 Aguilar Bypass
Nguyenmouth, UT 60906",681-532-6650x664,burnschristina@example.net,Museum/gallery exhibitions officer,Peters-Anderson,salary,50k-100k,False,6.0,0,,1994-11-21,,,,,,
0f7011b1-170b-4160-9c2a-fa0bb2331d51,2b9bbea7-808b-4b26-baa8-1628076c822e,4c075797-c418-4786-b053-40fce1d76ec1,mobile_app,2024-10-30 22:25:21,14.0,GBP,5411,Clothing,saving,4276.72,Visa,**** **** **** 5569,06/26,CitiBank,Ann Jones,a339d172-ca95-4440-953c-4af7e7c4aa62,Taylor-West,"{'city': 'Smithchester', 'state': 'VI', 'country': 'UK'}",T4958,CNP,mobile_app,"{'latitude': Decimal('-49.141162'), 'longitude': Decimal('-136.319817')}",877116,PIN,,80,approved,,,4,201.102.54.99,3210aba5-abe1-4c1b-9f88-743400174a21,,c24da736-fe6a-45e5-bfdb-b764fd2166a3,referral,Ann Jones,1980-11-18,Saint Pierre and Miquelon,Driver's License,57b6d745,Wallis and Futuna,2031-05-11,"488 Aguilar Bypass
Nguyenmouth, UT 60906",681-532-6650x664,burnschristina@example.net,Museum/gallery exhibitions officer,Peters-Anderson,salary,50k-100k,False,6.0,0,,1994-11-21,,,,,,
2aa4947c-bc00-4569-80b2-d84c27f6090f,4b25f647-aae4-45ea-a061-26e399bb2a5c,32d24c74-142e-4e97-8de4-64b63fd75490,mobile_app,2024-10-15 15:59:58,990.39,GBP,5411,Clothing,saving,5667.96,Visa,**** **** **** 3662,10/26,Bank of America,Allen Hamilton,23e344fb-e64c-4715-8484-119f9f6315df,Cook-Lawson,"{'city': 'East Randyside', 'state': 'AZ', 'country': 'UK'}",T3543,CNP,mobile_app,"{'latitude': Decimal('-63.2578855'), 'longitude': Decimal('-53.957999')}",496732,password,,51,pending,fraud detected,,1,16.25.157.243,0b2a6589-9f6f-432b-b9af-f9559ee21d7e,,cc4efad2-f725-4965-8c87-14b0ea42ad8b,email,Allen Hamilton,1953-08-11,Zimbabwe,Passport,70496b22,Tonga,2031-11-15,"0615 Bentley Island Apt. 861
Hinesmouth, MS 13179",9303357930,stevenortiz@example.net,Higher education careers adviser,"Abbott, Wilson and Leblanc",business income,<20k,True,10.0,0,,1987-11-23,,,,,,
dd5e098d-1240-4bca-8d15-929d3a316422,2b9bbea7-808b-4b26-baa8-1628076c822e,be253a8c-1190-470e-ba26-ca45e1816e97,POS,2024-10-27 11:11:45,209.2,GBP,5812,Clothing,debit,2632.55,Visa,**** **** **** 8811,10/32,Bank of America,Ann Jones,d015c4ec-2b75-45cf-81d2-bca1ec20bb90,Sims LLC,"{'city': 'Knightburgh', 'state': 'CA', 'country': 'UK'}",T1099,NFC,POS,"{'latitude': Decimal('-2.4914595'), 'longitude': Decimal('-10.254041')}",662418,biometric,,92,failed,technical error,,8,,,,98ee5e7c-67a2-47e6-ad42-0d7e78801154,direct,Ann Jones,1980-11-18,Saint Pierre and Miquelon,Driver's License,57b6d745,Wallis and Futuna,2031-05-11,"488 Aguilar Bypass
Nguyenmouth, UT 60906",681-532-6650x664,burnschristina@example.net,Museum/gallery exhibitions officer,Peters-Anderson,salary,50k-100k,False,6.0,0,,1994-11-21,,,,,,
b50ef77e-0df3-4a1c-8430-09ed46f84524,4b25f647-aae4-45ea-a061-26e399bb2a5c,32d24c74-142e-4e97-8de4-64b63fd75490,POS,2024-10-15 02:11:40,367.43,GBP,5411,Electronics,debit,1893.87,Visa,**** **** **** 7432,07/31,Bank of America,Allen Hamilton,39c14949-245c-49fd-9f32-9da8bb9d7c65,"Johnson, Farrell and Fowler","{'city': 'North Barry', 'state': 'WA', 'country': 'UK'}",T5811,chip,POS,"{'latitude': Decimal('20.2229505'), 'longitude': Decimal('176.903464')}",408296,biometric,,64,approved,technical error,,3,,,,bdb3bf4d-3145-47d9-b530-21e2f90b52a7,referral,Allen Hamilton,1953-08-11,Zimbabwe,Passport,70496b22,Tonga,2031-11-15,"0615 Bentley Island Apt. 861
Hinesmouth, MS 13179",9303357930,stevenortiz@example.net,Higher education careers adviser,"Abbott, Wilson and Leblanc",business income,<20k,True,10.0,0,,1987-11-23,,,,,,
1275a277-bd2a-4b29-8ced-ce04b6aea8c6,4b25f647-aae4-45ea-a061-26e399bb2a5c,32d24c74-142e-4e97-8de4-64b63fd75490,POS,2024-11-07 03:55:29,47.6,GBP,5812,Restaurant,debit,6880.21,Visa,**** **** **** 4745,10/28,Bank of America,Allen Hamilton,23e344fb-e64c-4715-8484-119f9f6315df,Cook-Lawson,"{'city': 'East Randyside', 'state': 'AZ', 'country': 'UK'}",T3543,chip,POS,"{'latitude': Decimal('41.2508335'), 'longitude': Decimal('151.840641')}",725972,PIN,,57,pending,insufficient funds,,4,,,,ef528038-a971-4c60-85c6-5b29da5e6ab6,social media,Allen Hamilton,1953-08-11,Zimbabwe,Passport,70496b22,Tonga,2031-11-15,"0615 Bentley Island Apt. 861
Hinesmouth, MS 13179",9303357930,stevenortiz@example.net,Higher education careers adviser,"Abbott, Wilson and Leblanc",business income,<20k,True,10.0,0,,1987-11-23,,,,,,
b2bcf4b7-635e-450e-92b4-4a32b04ceccf,4b25f647-aae4-45ea-a061-26e399bb2a5c,32d24c74-142e-4e97-8de4-64b63fd75490,online,2024-11-11 07:31:05,113.35,JPY,5411,Grocery,saving,6377.09,Visa,**** **** **** 9022,04/31,Bank of America,Allen Hamilton,9350c8f2-c9dc-4356-a55e-cadf645042ff,"Meyer, Kelly and Taylor","{'city': 'Thomasberg', 'state': 'FM', 'country': 'VU'}",T5705,CNP,online,"{'latitude': Decimal('-84.9809205'), 'longitude': Decimal('-135.440060')}",868557,password,Failed,52,failed,insufficient funds,1.3,9,40.21.44.4,5728bd87-c56a-4c8b-810f-01af60924f52,"Mozilla/5.0 (Windows; U; Windows NT 5.0) AppleWebKit/531.42.5 (KHTML, like Gecko) Version/5.1 Safari/531.42.5",3fd1fc50-1ee2-4a59-a644-87d23c9c186e,referral,Allen Hamilton,1953-08-11,Zimbabwe,Passport,70496b22,Tonga,2031-11-15,"0615 Bentley Island Apt. 861
Hinesmouth, MS 13179",9303357930,stevenortiz@example.net,Higher education careers adviser,"Abbott, Wilson and Leblanc",business income,<20k,True,10.0,0,,1987-11-23,,,,,,
c1e73cc1-378e-4fc7-9870-2ae229793aa7,4b25f647-aae4-45ea-a061-26e399bb2a5c,32d24c74-142e-4e97-8de4-64b63fd75490,mobile_app,2024-10-30 15:30:31,387.93,GBP,5735,Gas,debit,9842.68,Visa,**** **** **** 8616,02/29,Bank of America,Allen Hamilton,a339d172-ca95-4440-953c-4af7e7c4aa62,Taylor-West,"{'city': 'Smithchester', 'state': 'VI', 'country': 'UK'}",T4958,CNP,mobile_app,"{'latitude': Decimal('47.478855'), 'longitude': Decimal('-127.765484')}",213162,biometric,,84,pending,fraud detected,,3,210.79.38.141,075ce950-d014-43ff-ad25-2df2503a98d1,,df960ff7-2e35-4bdf-8e79-7f1d026111f5,referral,Allen Hamilton,1953-08-11,Zimbabwe,Passport,70496b22,Tonga,2031-11-15,"0615 Bentley Island Apt. 861
Hinesmouth, MS 13179",9303357930,stevenortiz@example.net,Higher education careers adviser,"Abbott, Wilson and Leblanc",business income,<20k,True,10.0,0,,1987-11-23,,,,,,
319c7e85-0e7e-45c1-8c35-53e0aa29e5a7,2b9bbea7-808b-4b26-baa8-1628076c822e,4c075797-c418-4786-b053-40fce1d76ec1,online,2024-11-05 15:40:32,332.35,GBP,5735,Gas,credit,704.63,Visa,**** **** **** 1986,03/29,CitiBank,Ann Jones,03f4410f-0a38-4823-8a04-b9817a3686e3,"Fox, Manning and Gardner","{'city': 'Laurastad', 'state': 'MO', 'country': 'UK'}",T1366,CNP,online,"{'latitude': Decimal('71.192120'), 'longitude': Decimal('165.338453')}",838349,PIN,Passed,64,failed,,,4,46.60.19.95,54e565fb-7ccc-4399-816c-db28a2cb4e35,Opera/9.13.(Windows 98; ff-SN) Presto/2.9.186 Version/11.00,168fac6e-f3fc-4ae2-89d0-1e92140f3b05,direct,Ann Jones,1980-11-18,Saint Pierre and Miquelon,Driver's License,57b6d745,Wallis and Futuna,2031-05-11,"488 Aguilar Bypass
Nguyenmouth, UT 60906",681-532-6650x664,burnschristina@example.net,Museum/gallery exhibitions officer,Peters-Anderson,salary,50k-100k,False,6.0,0,,1994-11-21,,,,,,
5a74385e-f17d-465c-b19c-1d61ed25bb92,4b25f647-aae4-45ea-a061-26e399bb2a5c,32d24c74-142e-4e97-8de4-64b63fd75490,mobile_app,2024-10-25 23:35:37,76.23,CAD,5921,Electronics,saving,924.97,Visa,**** **** **** 1291,03/31,Bank of America,Allen Hamilton,02094ae3-33c4-43e0-afa0-e5ea87364898,"Johnson, Wood and Miller","{'city': 'South Eugene', 'state': 'NM', 'country': 'PE'}",T7011,CNP,mobile_app,"{'latitude': Decimal('-62.7253915'), 'longitude': Decimal('85.314855')}",815664,password,,67,failed,,0.58,10,60.223.248.207,8009b89e-b526-4215-9dba-64f6554aef7b,,a493528e-3a96-4981-8768-a66d408c5a0d,direct,Allen Hamilton,1953-08-11,Zimbabwe,Passport,70496b22,Tonga,2031-11-15,"0615 Bentley Island Apt. 861
Hinesmouth, MS 13179",9303357930,stevenortiz@example.net,Higher education careers adviser,"Abbott, Wilson and Leblanc",business income,<20k,True,10.0,0,,1987-11-23,,,,,,
57ad6587-f8c6-4841-a0fe-d5899f5435ac,2b9bbea7-808b-4b26-baa8-1628076c822e,4c075797-c418-4786-b053-40fce1d76ec1,POS,2024-10-21 06:15:32,59.25,GBP,5921,Electronics,debit,2401.65,Visa,**** **** **** 4146,01/30,CitiBank,Ann Jones,19bb487c-7719-4761-ab74-373a0888496e,"Brooks, Wade and Cook","{'city': 'Beasleyfurt', 'state': 'PR', 'country': 'UK'}",T2860,swipe,POS,"{'latitude': Decimal('-18.0612585'), 'longitude': Decimal('-168.342842')}",833360,PIN,,44,failed,technical error,,9,,,,8f8b5954-4b24-41c8-8320-41c9ecb062af,referral,Ann Jones,1980-11-18,Saint Pierre and Miquelon,Driver's License,57b6d745,Wallis and Futuna,2031-05-11,"488 Aguilar Bypass
Nguyenmouth, UT 60906",681-532-6650x664,burnschristina@example.net,Museum/gallery exhibitions officer,Peters-Anderson,salary,50k-100k,False,6.0,0,,1994-11-21,,,,,,
624f8f85-e2a3-4fe0-88e1-3cbcd2fd6462,4b25f647-aae4-45ea-a061-26e399bb2a5c,32d24c74-142e-4e97-8de4-64b63fd75490,POS,2024-11-02 16:58:16,176.47,GBP,5999,Electronics,credit,3077.3,Visa,**** **** **** 2289,03/27,Bank of America,Allen Hamilton,ff3570cc-072a-4e55-8d07-11b2b0a3f49d,Adams LLC,"{'city': 'Boydshire', 'state': 'FM', 'country': 'UK'}",T6370,chip,POS,"{'latitude': Decimal('4.8126835'), 'longitude': Decimal('75.863568')}",400687,biometric,,19,approved,insufficient funds,,2,,,,83105038-1f96-41e4-9196-3997677547b3,email,Allen Hamilton,1953-08-11,Zimbabwe,Passport,70496b22,Tonga,2031-11-15,"0615 Bentley Island Apt. 861
Hinesmouth, MS 13179",9303357930,stevenortiz@example.net,Higher education careers adviser,"Abbott, Wilson and Leblanc",business income,<20k,True,10.0,0,,1987-11-23,,,,,,
3f78dffd-c81c-457c-b3bb-5db4eeeae72e,2b9bbea7-808b-4b26-baa8-1628076c822e,4c075797-c418-4786-b053-40fce1d76ec1,online,2024-10-19 14:21:53,122.28,GBP,5735,Grocery,saving,1284.3,Visa,**** **** **** 5914,08/27,CitiBank,Ann Jones,9350c8f2-c9dc-4356-a55e-cadf645042ff,"Meyer, Kelly and Taylor","{'city': 'South Jacob', 'state': 'CA', 'country': 'UK'}",T5705,CNP,online,"{'latitude': Decimal('3.8713765'), 'longitude': Decimal('-99.709775')}",405449,biometric,Failed,33,pending,,,0,61.177.34.47,cac1f26d-9eeb-4419-95ef-80da9bc0530b,"Mozilla/5.0 (iPhone; CPU iPhone OS 4_3_5 like Mac OS X) AppleWebKit/531.1 (KHTML, like Gecko) CriOS/46.0.864.0 Mobile/20M572 Safari/531.1",efe582a9-d4f6-40bf-8ed6-f35c5c92abe4,email,Ann Jones,1980-11-18,Saint Pierre and Miquelon,Driver's License,57b6d745,Wallis and Futuna,2031-05-11,"488 Aguilar Bypass
Nguyenmouth, UT 60906",681-532-6650x664,burnschristina@example.net,Museum/gallery exhibitions officer,Peters-Anderson,salary,50k-100k,False,6.0,0,,1994-11-21,,,,,,
3687a8cf-023f-4b0f-bc6f-1a6999a49130,2b9bbea7-808b-4b26-baa8-1628076c822e,4c075797-c418-4786-b053-40fce1d76ec1,POS,2024-10-23 10:10:33,110.51,GBP,5999,Grocery,debit,6180.82,Visa,**** **** **** 7435,05/29,CitiBank,Ann Jones,19bb487c-7719-4761-ab74-373a0888496e,"Brooks, Wade and Cook","{'city': 'Beasleyfurt', 'state': 'PR', 'country': 'UK'}",T2860,swipe,POS,"{'latitude': Decimal('74.3407395'), 'longitude': Decimal('67.285536')}",706316,PIN,,79,pending,fraud detected,,0,,,,1e1fa7df-3e82-4566-a796-7da9bfe10d3d,direct,Ann Jones,1980-11-18,Saint Pierre and Miquelon,Driver's License,57b6d745,Wallis and Futuna,2031-05-11,"488 Aguilar Bypass
Nguyenmouth, UT 60906",681-532-6650x664,burnschristina@example.net,Museum/gallery exhibitions officer,Peters-Anderson,salary,50k-100k,False,6.0,0,,1994-11-21,,,,,,
e523f629-1b21-4a5c-bf0e-f9136ced6917,2b9bbea7-808b-4b26-baa8-1628076c822e,4c075797-c418-4786-b053-40fce1d76ec1,online,2024-10-24 13:49:42,156.81,GBP,5999,Electronics,debit,3740.99,Visa,**** **** **** 3698,07/33,CitiBank,Ann Jones,19bb487c-7719-4761-ab74-373a0888496e,"Brooks, Wade and Cook","{'city': 'Beasleyfurt', 'state': 'PR', 'country': 'UK'}",T2860,CNP,online,"{'latitude': Decimal('49.432863'), 'longitude': Decimal('152.783770')}",811124,PIN,Failed,52,pending,,,8,196.36.153.165,772bfc6a-c5df-423c-b22d-adcf51edf9df,Opera/9.48.(Windows NT 6.1; fy-NL) Presto/2.9.160 Version/12.00,3b698819-da6d-4073-9556-50be3dcfb061,social media,Ann Jones,1980-11-18,Saint Pierre and Miquelon,Driver's License,57b6d745,Wallis and Futuna,2031-05-11,"488 Aguilar Bypass
Nguyenmouth, UT 60906",681-532-6650x664,burnschristina@example.net,Museum/gallery exhibitions officer,Peters-Anderson,salary,50k-100k,False,6.0,0,,1994-11-21,,,,,,
a9c69d10-99fe-45cb-9b10-6b09eff6b653,2b9bbea7-808b-4b26-baa8-1628076c822e,4c075797-c418-4786-b053-40fce1d76ec1,online,2024-10-16 05:06:41,89.38,GBP,5812,Electronics,debit,410.5,Visa,**** **** **** 1726,03/33,CitiBank,Ann Jones,9350c8f2-c9dc-4356-a55e-cadf645042ff,"Meyer, Kelly and Taylor","{'city': 'South Jacob', 'state': 'CA', 'country': 'UK'}",T5705,CNP,online,"{'latitude': Decimal('-18.812841'), 'longitude': Decimal('-116.799077')}",341892,password,Failed,82,pending,,,4,63.24.240.26,fdd5d82c-7527-40f8-a48e-240bf56ab7b3,"Mozilla/5.0 (Windows; U; Windows NT 5.1) AppleWebKit/533.3.3 (KHTML, like Gecko) Version/5.1 Safari/533.3.3",95105f76-789a-432c-a198-4ada39cc5d7b,email,Ann Jones,1980-11-18,Saint Pierre and Miquelon,Driver's License,57b6d745,Wallis and Futuna,2031-05-11,"488 Aguilar Bypass
Nguyenmouth, UT 60906",681-532-6650x664,burnschristina@example.net,Museum/gallery exhibitions officer,Peters-Anderson,salary,50k-100k,False,6.0,0,,1994-11-21,,,,,,
f08fa3d5-9e90-4003-b743-aa448439154d,2b9bbea7-808b-4b26-baa8-1628076c822e,be253a8c-1190-470e-ba26-ca45e1816e97,POS,2024-11-11 21:54:03,340.03,GBP,5411,Grocery,saving,2362.59,Visa,**** **** **** 7671,04/28,Bank of America,Ann Jones,39c14949-245c-49fd-9f32-9da8bb9d7c65,"Johnson, Farrell and Fowler","{'city': 'North Barry', 'state': 'WA', 'country': 'UK'}",T5811,swipe,POS,"{'latitude': Decimal('-82.0994295'), 'longitude': Decimal('59.429137')}",448918,biometric,,75,approved,technical error,,5,,,,666526e7-a271-4b1b-b034-b2b188273e7d,direct,Ann Jones,1980-11-18,Saint Pierre and Miquelon,Driver's License,57b6d745,Wallis and Futuna,2031-05-11,"488 Aguilar Bypass
Nguyenmouth, UT 60906",681-532-6650x664,burnschristina@example.net,Museum/gallery exhibitions officer,Peters-Anderson,salary,50k-100k,False,6.0,0,,1994-11-21,,,,,,
f9552aba-e1bf-4f40-96cb-971540935a7d,2b9bbea7-808b-4b26-baa8-1628076c822e,4c075797-c418-4786-b053-40fce1d76ec1,POS,2024-10-15 20:14:55,275.74,GBP,5812,Grocery,debit,5124.15,Visa,**** **** **** 7596,03/28,CitiBank,Ann Jones,03f4410f-0a38-4823-8a04-b9817a3686e3,"Fox, Manning and Gardner","{'city': 'Laurastad', 'state': 'MO', 'country': 'UK'}",T1366,swipe,POS,"{'latitude': Decimal('44.292947'), 'longitude': Decimal('-135.181262')}",600951,PIN,,94,failed,,,1,,,,36718906-41dd-4f24-ac84-8cb56841d0ff,social media,Ann Jones,1980-11-18,Saint Pierre and Miquelon,Driver's License,57b6d745,Wallis and Futuna,2031-05-11,"488 Aguilar Bypass
Nguyenmouth, UT 60906",681-532-6650x664,burnschristina@example.net,Museum/gallery exhibitions officer,Peters-Anderson,salary,50k-100k,False,6.0,0,,1994-11-21,,,,,,
