transaction_id,customer_id,card_id,transaction_type,transaction_date_time,transaction_amount,currency,mcc,description,account_type,account_balance,card_type,card_number_masked,card_expiration_date,card_issuer,cardholder_name,merchant_id,merchant_name,merchant_location,merchant_terminal_id,payment_method,payment_channel,geolocation,authorization_code,authentication_method,3d_secure_status,fraud_risk_score,transaction_status,failure_reason,exchange_rate,rewards_earned,ip_address,device_id,user_agent,session_id,referral_source,companies_directed,kyc_address,kyc_aml_risk_score,kyc_annual_income_range,kyc_closed_false_positive_alerts,kyc_customer_since,kyc_date_of_birth,kyc_email,kyc_employer_name,kyc_frequent_connection_country,kyc_full_name,kyc_id_expiration_date,kyc_id_issuing_country,kyc_id_type,kyc_id_number,kyc_occupation,kyc_nationality,kyc_phone_number,kyc_pep_status,kyc_source_of_funds,sender_name,sender_account_number,sender_bank,sender_location,source
1b0ff0a8-ca01-41a4-8fc0-82e47e47518c,3276eae8-c181-4160-83bd-a7915b590d90,3412c341-9f2c-4e69-ab1d-2bd951e147b2,outbound,2024-10-24 18:58:39,176220.14,GBP,8999,Business Transfer,business,36160.92,MasterCard,**** **** **** 6954,05/28,HSBC,Dawn Thomas,f1c2711c-d651-402c-a32f-f7a6e45674c8,"Hall, Williams and Stephens","{'city': 'South Jack', 'state': 'NV', 'country': 'Australia'}",T3638,wire_transfer,online,"{'latitude': Decimal('41.2477125'), 'longitude': Decimal('45.326629')}",231712,password,,76,approved,,,0,141.13.224.74,1b14a9df-a5ac-4f84-abea-c8ea09314dc6,"Mozilla/5.0 (Windows; U; Windows NT 6.1) AppleWebKit/532.4.6 (KHTML, like Gecko) Version/5.0 Safari/532.4.6",35b76432-e4ee-486a-a70e-1325dc575ff3,business partner,"Macias, Richardson and Moore (Mexico), Price-Mays (Mexico), Green LLC (Singapore), Thompson, Matthews and White (Australia), Hall, Williams and Stephens (Australia)","956 Blake Cove Suite 920
New Curtis, SC 53216",51,>250k,25,2006-11-18,1966-11-26,dickersoncrystal@example.org,,Mexico,Dawn Thomas,2031-11-02,UK,Passport,dfcf2f36,Company Director,UK,4839891534,False,Salary,,,,,
75f60790-e0fe-40c6-86f6-0bb9c0b36f9d,3276eae8-c181-4160-83bd-a7915b590d90,3412c341-9f2c-4e69-ab1d-2bd951e147b2,outbound,2024-11-03 17:38:21,169655.74,GBP,4829,Business Transfer,business,46832.6,MasterCard,**** **** **** 7654,11/31,HSBC,Dawn Thomas,6391b803-5c16-4054-ab1a-052bee48352e,Price-Mays,"{'city': 'Danielleburgh', 'state': 'TN', 'country': 'Mexico'}",T2840,wire_transfer,online,"{'latitude': Decimal('-59.080355'), 'longitude': Decimal('176.962153')}",491433,password,,47,approved,,,0,103.165.172.94,94672588-6881-4e9b-a049-7d5f9038b6d6,Mozilla/5.0 (X11; Linux i686; rv:1.9.5.20) Gecko/4214-08-02 13:21:23 Firefox/3.8,6a1109a0-61c9-47d8-908b-b23f04f4035d,business partner,"Macias, Richardson and Moore (Mexico), Price-Mays (Mexico), Green LLC (Singapore), Thompson, Matthews and White (Australia), Hall, Williams and Stephens (Australia)","956 Blake Cove Suite 920
New Curtis, SC 53216",51,>250k,25,2006-11-18,1966-11-26,dickersoncrystal@example.org,,Mexico,Dawn Thomas,2031-11-02,UK,Passport,dfcf2f36,Company Director,UK,4839891534,False,Salary,,,,,
50e6b545-0e92-4584-bc1b-9fd184c860a5,3276eae8-c181-4160-83bd-a7915b590d90,68e9c2cb-6a9c-44e4-9cef-b2e0350fce44,outbound,2024-10-16 05:18:41,151968.83,GBP,6012,Business Transfer,business,26855.1,MasterCard,**** **** **** 4678,12/27,HSBC,Dawn Thomas,5db8d43e-2912-459c-8d16-3444a3da7c25,"Hall, Williams and Stephens","{'city': 'Port Jennifer', 'state': 'AR', 'country': 'Australia'}",T8892,wire_transfer,online,"{'latitude': Decimal('-86.477382'), 'longitude': Decimal('-132.558935')}",180394,password,,57,approved,,,0,151.252.73.117,ebff4643-4d71-4b81-ad06-a439439514e6,"Mozilla/5.0 (Windows; U; Windows NT 4.0) AppleWebKit/535.14.1 (KHTML, like Gecko) Version/5.0.3 Safari/535.14.1",b9b60135-a04f-42e4-a498-a370b0ec522a,direct,"Macias, Richardson and Moore (Mexico), Price-Mays (Mexico), Green LLC (Singapore), Thompson, Matthews and White (Australia), Hall, Williams and Stephens (Australia)","956 Blake Cove Suite 920
New Curtis, SC 53216",51,>250k,25,2006-11-18,1966-11-26,dickersoncrystal@example.org,,Mexico,Dawn Thomas,2031-11-02,UK,Passport,dfcf2f36,Company Director,UK,4839891534,False,Salary,,,,,
aa6dcdf9-4bee-43e3-a13b-e74f2f27d07d,3276eae8-c181-4160-83bd-a7915b590d90,68e9c2cb-6a9c-44e4-9cef-b2e0350fce44,outbound,2024-11-10 02:18:04,138425.4,GBP,4829,Business Transfer,business,8465.18,MasterCard,**** **** **** 3447,03/29,HSBC,Dawn Thomas,659768b6-0170-4bb6-a870-3ac9d3966c8b,Green LLC,"{'city': 'North Jeffreychester', 'state': 'MO', 'country': 'Singapore'}",T4436,wire_transfer,online,"{'latitude': Decimal('52.538602'), 'longitude': Decimal('41.020698')}",679520,password,,62,approved,,,0,29.64.133.70,5a240646-bada-493e-ac06-70c69ec4ffd6,Opera/8.49.(Windows NT 5.01; fa-IR) Presto/2.9.162 Version/10.00,68a03a77-73cf-4446-865e-e15374de9b90,direct,"Macias, Richardson and Moore (Mexico), Price-Mays (Mexico), Green LLC (Singapore), Thompson, Matthews and White (Australia), Hall, Williams and Stephens (Australia)","956 Blake Cove Suite 920
New Curtis, SC 53216",51,>250k,25,2006-11-18,1966-11-26,dickersoncrystal@example.org,,Mexico,Dawn Thomas,2031-11-02,UK,Passport,dfcf2f36,Company Director,UK,4839891534,False,Salary,,,,,
07d7a9c1-f0f7-4e6c-9702-3485de7caa63,3276eae8-c181-4160-83bd-a7915b590d90,68e9c2cb-6a9c-44e4-9cef-b2e0350fce44,outbound,2024-11-02 00:26:47,123409.0,GBP,8999,Business Transfer,business,13799.12,MasterCard,**** **** **** 3276,02/32,HSBC,Dawn Thomas,a21d1d0e-bf7c-417f-b056-f3d02466bde8,Green LLC,"{'city': 'New Javier', 'state': 'MT', 'country': 'Singapore'}",T8755,wire_transfer,online,"{'latitude': Decimal('4.1237905'), 'longitude': Decimal('122.794457')}",556591,password,,71,approved,,,0,157.57.62.195,9879e12a-3e9b-4f06-b4d2-ed36e5f74ca1,Mozilla/5.0 (compatible; MSIE 9.0; Windows 95; Trident/4.1),5f1a1fd7-ca73-4836-ba4c-130547e67bba,business partner,"Macias, Richardson and Moore (Mexico), Price-Mays (Mexico), Green LLC (Singapore), Thompson, Matthews and White (Australia), Hall, Williams and Stephens (Australia)","956 Blake Cove Suite 920
New Curtis, SC 53216",51,>250k,25,2006-11-18,1966-11-26,dickersoncrystal@example.org,,Mexico,Dawn Thomas,2031-11-02,UK,Passport,dfcf2f36,Company Director,UK,4839891534,False,Salary,,,,,
301a1fec-7fe2-4a15-a6cf-05ccf47c65ec,3276eae8-c181-4160-83bd-a7915b590d90,3412c341-9f2c-4e69-ab1d-2bd951e147b2,outbound,2024-10-31 19:38:24,111166.46,GBP,6012,Business Transfer,business,33891.41,MasterCard,**** **** **** 6002,01/30,HSBC,Dawn Thomas,f398ceb3-85d4-4b4f-9f89-be98bbd3aecb,Green LLC,"{'city': 'Michaelborough', 'state': 'AZ', 'country': 'Singapore'}",T5400,wire_transfer,online,"{'latitude': Decimal('-45.6655235'), 'longitude': Decimal('116.003901')}",119490,password,,68,approved,,,0,188.75.233.2,12d6487e-4b69-4132-a84b-6eb38d237653,"Mozilla/5.0 (iPad; CPU iPad OS 6_1_6 like Mac OS X) AppleWebKit/534.1 (KHTML, like Gecko) CriOS/51.0.863.0 Mobile/98E923 Safari/534.1",f15ec6f4-c555-4384-be38-3ad4622748af,direct,"Macias, Richardson and Moore (Mexico), Price-Mays (Mexico), Green LLC (Singapore), Thompson, Matthews and White (Australia), Hall, Williams and Stephens (Australia)","956 Blake Cove Suite 920
New Curtis, SC 53216",51,>250k,25,2006-11-18,1966-11-26,dickersoncrystal@example.org,,Mexico,Dawn Thomas,2031-11-02,UK,Passport,dfcf2f36,Company Director,UK,4839891534,False,Salary,,,,,
46fd85f9-568b-4a27-b8aa-4a2c58f01739,3276eae8-c181-4160-83bd-a7915b590d90,68e9c2cb-6a9c-44e4-9cef-b2e0350fce44,outbound,2024-10-21 03:30:25,195848.09,GBP,4829,Business Transfer,business,18559.02,MasterCard,**** **** **** 7979,01/34,HSBC,Dawn Thomas,592824a8-7d02-4fdc-ac52-3e7d9864f30d,"Thompson, Matthews and White","{'city': 'Port Whitneymouth', 'state': 'UT', 'country': 'Australia'}",T9249,wire_transfer,online,"{'latitude': Decimal('-2.4685725'), 'longitude': Decimal('47.523522')}",215208,password,,80,approved,,,0,152.194.250.144,8d97362a-0852-4610-a91c-0ae9ae955034,"Mozilla/5.0 (Macintosh; Intel Mac OS X 10_10_1) AppleWebKit/533.0 (KHTML, like Gecko) Chrome/44.0.850.0 Safari/533.0",6c8781ff-f7bc-46d0-b39b-2abdfced3897,direct,"Macias, Richardson and Moore (Mexico), Price-Mays (Mexico), Green LLC (Singapore), Thompson, Matthews and White (Australia), Hall, Williams and Stephens (Australia)","956 Blake Cove Suite 920
New Curtis, SC 53216",51,>250k,25,2006-11-18,1966-11-26,dickersoncrystal@example.org,,Mexico,Dawn Thomas,2031-11-02,UK,Passport,dfcf2f36,Company Director,UK,4839891534,False,Salary,,,,,
8595119d-75a2-4684-b15a-abd94916ebdd,3276eae8-c181-4160-83bd-a7915b590d90,68e9c2cb-6a9c-44e4-9cef-b2e0350fce44,outbound,2024-10-22 17:23:13,112522.39,GBP,8999,Business Transfer,business,29057.7,MasterCard,**** **** **** 9941,01/29,HSBC,Dawn Thomas,234a79e6-d163-4d31-99af-d8c4642015a5,"Macias, Richardson and Moore","{'city': 'Amandatown', 'state': 'VI', 'country': 'Mexico'}",T5917,wire_transfer,online,"{'latitude': Decimal('-30.369075'), 'longitude': Decimal('-165.802131')}",936337,password,,77,approved,,,0,77.3.31.79,de3b30db-c697-45ff-b7cc-ab0079b7cc9c,"Mozilla/5.0 (X11; Linux x86_64) AppleWebKit/536.1 (KHTML, like Gecko) Chrome/17.0.859.0 Safari/536.1",1759074d-1ae0-4b8a-8b2f-3281da7d65c4,direct,"Macias, Richardson and Moore (Mexico), Price-Mays (Mexico), Green LLC (Singapore), Thompson, Matthews and White (Australia), Hall, Williams and Stephens (Australia)","956 Blake Cove Suite 920
New Curtis, SC 53216",51,>250k,25,2006-11-18,1966-11-26,dickersoncrystal@example.org,,Mexico,Dawn Thomas,2031-11-02,UK,Passport,dfcf2f36,Company Director,UK,4839891534,False,Salary,,,,,
c960ec84-3d66-4858-a541-4a43ad01846a,3276eae8-c181-4160-83bd-a7915b590d90,3412c341-9f2c-4e69-ab1d-2bd951e147b2,outbound,2024-10-21 01:14:23,120407.31,GBP,6012,Business Transfer,business,17391.35,MasterCard,**** **** **** 5902,07/29,HSBC,Dawn Thomas,9f34e97b-97c7-4d60-97a3-fce91b64aa1c,"Thompson, Matthews and White","{'city': 'Millerton', 'state': 'WI', 'country': 'Australia'}",T7056,wire_transfer,online,"{'latitude': Decimal('-19.753701'), 'longitude': Decimal('-35.669469')}",235755,password,,58,approved,,,0,125.11.253.3,3097728c-3dd9-4b1e-b169-98c11228c571,"Mozilla/5.0 (Windows; U; Windows 98) AppleWebKit/531.43.7 (KHTML, like Gecko) Version/5.0.4 Safari/531.43.7",9969a178-a82f-44a4-a3cf-e4355b04e2d5,business partner,"Macias, Richardson and Moore (Mexico), Price-Mays (Mexico), Green LLC (Singapore), Thompson, Matthews and White (Australia), Hall, Williams and Stephens (Australia)","956 Blake Cove Suite 920
New Curtis, SC 53216",51,>250k,25,2006-11-18,1966-11-26,dickersoncrystal@example.org,,Mexico,Dawn Thomas,2031-11-02,UK,Passport,dfcf2f36,Company Director,UK,4839891534,False,Salary,,,,,
19306859-883e-4daf-8deb-cbc58dcf44fd,3276eae8-c181-4160-83bd-a7915b590d90,68e9c2cb-6a9c-44e4-9cef-b2e0350fce44,outbound,2024-11-01 01:03:51,128610.46,GBP,6012,Business Transfer,business,19257.38,MasterCard,**** **** **** 5785,08/30,HSBC,Dawn Thomas,c826aa45-3dba-42b7-9fae-5314c3369a90,"Macias, Richardson and Moore","{'city': 'Port Aaronside', 'state': 'RI', 'country': 'Mexico'}",T7061,wire_transfer,online,"{'latitude': Decimal('-65.9499105'), 'longitude': Decimal('163.527106')}",126184,password,,37,approved,,,0,124.243.235.94,9d31736c-b99b-49a6-823a-10675b85526f,Opera/8.29.(X11; Linux x86_64; gv-GB) Presto/2.9.190 Version/10.00,d1b7304b-0bc2-4378-bd7b-887163bc6748,business partner,"Macias, Richardson and Moore (Mexico), Price-Mays (Mexico), Green LLC (Singapore), Thompson, Matthews and White (Australia), Hall, Williams and Stephens (Australia)","956 Blake Cove Suite 920
New Curtis, SC 53216",51,>250k,25,2006-11-18,1966-11-26,dickersoncrystal@example.org,,Mexico,Dawn Thomas,2031-11-02,UK,Passport,dfcf2f36,Company Director,UK,4839891534,False,Salary,,,,,
aa5ed0ad-14e5-4ac2-9ba8-189c31af12a0,3276eae8-c181-4160-83bd-a7915b590d90,68e9c2cb-6a9c-44e4-9cef-b2e0350fce44,outbound,2024-11-07 13:16:17,114104.01,GBP,6012,Business Transfer,business,5056.32,MasterCard,**** **** **** 7512,05/28,HSBC,Dawn Thomas,fc427bfb-11f1-42de-a461-9c8ab2179bfa,Green LLC,"{'city': 'Granthaven', 'state': 'ND', 'country': 'Singapore'}",T3331,wire_transfer,online,"{'latitude': Decimal('66.1280835'), 'longitude': Decimal('72.225331')}",944629,password,,79,approved,,,0,164.36.59.251,bf6485e7-d7cc-4ddf-a1a4-902286637a98,"Mozilla/5.0 (iPhone; CPU iPhone OS 12_4_4 like Mac OS X) AppleWebKit/533.1 (KHTML, like Gecko) CriOS/20.0.865.0 Mobile/79L852 Safari/533.1",069a9e0e-b859-416d-9f5c-ab031cf90a90,direct,"Macias, Richardson and Moore (Mexico), Price-Mays (Mexico), Green LLC (Singapore), Thompson, Matthews and White (Australia), Hall, Williams and Stephens (Australia)","956 Blake Cove Suite 920
New Curtis, SC 53216",51,>250k,25,2006-11-18,1966-11-26,dickersoncrystal@example.org,,Mexico,Dawn Thomas,2031-11-02,UK,Passport,dfcf2f36,Company Director,UK,4839891534,False,Salary,,,,,
fefe3d07-bc95-489f-9053-16e12ab2489c,3276eae8-c181-4160-83bd-a7915b590d90,68e9c2cb-6a9c-44e4-9cef-b2e0350fce44,outbound,2024-10-22 13:10:24,165685.55,GBP,6012,Business Transfer,business,24249.17,MasterCard,**** **** **** 8972,06/25,HSBC,Dawn Thomas,864f2c92-8fd7-4c53-b85d-9607aa04faf2,Price-Mays,"{'city': 'East Juliabury', 'state': 'MA', 'country': 'Mexico'}",T5774,wire_transfer,online,"{'latitude': Decimal('59.157213'), 'longitude': Decimal('162.518743')}",273694,password,,63,approved,,,0,63.190.99.214,e8e359a7-82a8-432a-84c6-fb27c64794ef,Mozilla/5.0 (compatible; MSIE 9.0; Windows NT 5.01; Trident/3.0),07891e0e-7216-4bb4-a5cb-cf3f96ae3339,direct,"Macias, Richardson and Moore (Mexico), Price-Mays (Mexico), Green LLC (Singapore), Thompson, Matthews and White (Australia), Hall, Williams and Stephens (Australia)","956 Blake Cove Suite 920
New Curtis, SC 53216",51,>250k,25,2006-11-18,1966-11-26,dickersoncrystal@example.org,,Mexico,Dawn Thomas,2031-11-02,UK,Passport,dfcf2f36,Company Director,UK,4839891534,False,Salary,,,,,
34094df0-f459-4359-b81e-cb5584f0c2fc,3276eae8-c181-4160-83bd-a7915b590d90,3412c341-9f2c-4e69-ab1d-2bd951e147b2,outbound,2024-11-01 16:34:07,177603.99,GBP,8999,Business Transfer,business,34904.85,MasterCard,**** **** **** 1586,03/28,HSBC,Dawn Thomas,51043bf7-7c2b-4ad8-b603-d5360b408393,Green LLC,"{'city': 'Lake Madison', 'state': 'NJ', 'country': 'Singapore'}",T6462,wire_transfer,online,"{'latitude': Decimal('-44.183514'), 'longitude': Decimal('-35.606828')}",402836,password,,43,approved,,,0,177.74.66.97,60d5501e-7913-451d-942f-716b5f9249bc,Mozilla/5.0 (compatible; MSIE 5.0; Windows NT 5.01; Trident/5.0),79ebd483-c7ed-474e-9025-1a45c0d3038d,business partner,"Macias, Richardson and Moore (Mexico), Price-Mays (Mexico), Green LLC (Singapore), Thompson, Matthews and White (Australia), Hall, Williams and Stephens (Australia)","956 Blake Cove Suite 920
New Curtis, SC 53216",51,>250k,25,2006-11-18,1966-11-26,dickersoncrystal@example.org,,Mexico,Dawn Thomas,2031-11-02,UK,Passport,dfcf2f36,Company Director,UK,4839891534,False,Salary,,,,,
46bb4003-7a86-45d2-939f-3602ea2699bd,3276eae8-c181-4160-83bd-a7915b590d90,68e9c2cb-6a9c-44e4-9cef-b2e0350fce44,outbound,2024-10-26 02:56:40,171497.32,GBP,4829,Business Transfer,business,38680.76,MasterCard,**** **** **** 4902,01/28,HSBC,Dawn Thomas,e4a72005-5564-4ab3-8f39-f6fa71c20a9d,Price-Mays,"{'city': 'West Jordanview', 'state': 'MA', 'country': 'Mexico'}",T3810,wire_transfer,online,"{'latitude': Decimal('89.510793'), 'longitude': Decimal('4.789724')}",719179,password,,66,approved,,,0,138.177.123.151,16bdee45-95b5-48cf-a562-55ad5c4ff9d2,Mozilla/5.0 (Android 4.3; Mobile; rv:35.0) Gecko/35.0 Firefox/35.0,786548a6-7dfc-4152-a7aa-6fdd416e9749,business partner,"Macias, Richardson and Moore (Mexico), Price-Mays (Mexico), Green LLC (Singapore), Thompson, Matthews and White (Australia), Hall, Williams and Stephens (Australia)","956 Blake Cove Suite 920
New Curtis, SC 53216",51,>250k,25,2006-11-18,1966-11-26,dickersoncrystal@example.org,,Mexico,Dawn Thomas,2031-11-02,UK,Passport,dfcf2f36,Company Director,UK,4839891534,False,Salary,,,,,
5b965070-2dfa-4c2f-b3cf-de7acab74475,3276eae8-c181-4160-83bd-a7915b590d90,3412c341-9f2c-4e69-ab1d-2bd951e147b2,outbound,2024-10-27 11:35:51,138496.8,GBP,8999,Business Transfer,business,16078.67,MasterCard,**** **** **** 4990,11/29,HSBC,Dawn Thomas,559159cb-2cd9-4180-b422-08246c1a074f,Price-Mays,"{'city': 'North Christina', 'state': 'NM', 'country': 'Mexico'}",T2215,wire_transfer,online,"{'latitude': Decimal('67.144307'), 'longitude': Decimal('4.846545')}",981653,password,,67,approved,,,0,67.192.26.184,6edb9082-b6ba-45ce-a18c-8dac58e0e5c3,Opera/9.58.(X11; Linux i686; tig-ER) Presto/2.9.162 Version/11.00,343149b1-1077-4570-ad2a-d00c4bb980bb,business partner,"Macias, Richardson and Moore (Mexico), Price-Mays (Mexico), Green LLC (Singapore), Thompson, Matthews and White (Australia), Hall, Williams and Stephens (Australia)","956 Blake Cove Suite 920
New Curtis, SC 53216",51,>250k,25,2006-11-18,1966-11-26,dickersoncrystal@example.org,,Mexico,Dawn Thomas,2031-11-02,UK,Passport,dfcf2f36,Company Director,UK,4839891534,False,Salary,,,,,
3803d989-87d1-4036-ba39-c7b0f8e6cdc4,3276eae8-c181-4160-83bd-a7915b590d90,68e9c2cb-6a9c-44e4-9cef-b2e0350fce44,outbound,2024-10-17 06:04:16,183978.42,GBP,4829,Business Transfer,business,30443.61,MasterCard,**** **** **** 4910,01/32,HSBC,Dawn Thomas,e57b30ee-1bcb-47cd-96d8-9564b5c8eb60,"Hall, Williams and Stephens","{'city': 'North Kyleview', 'state': 'KY', 'country': 'Australia'}",T5114,wire_transfer,online,"{'latitude': Decimal('-47.331010'), 'longitude': Decimal('170.023159')}",264365,password,,47,approved,,,0,141.150.30.200,86891c8a-5cee-4e99-aeed-6400e8f01bbb,Mozilla/5.0 (Windows NT 6.2; uz-UZ; rv:1.9.2.20) Gecko/5492-12-28 22:06:56 Firefox/3.8,fbd7ba9c-5cb6-4843-8d4e-a23c19b076be,direct,"Macias, Richardson and Moore (Mexico), Price-Mays (Mexico), Green LLC (Singapore), Thompson, Matthews and White (Australia), Hall, Williams and Stephens (Australia)","956 Blake Cove Suite 920
New Curtis, SC 53216",51,>250k,25,2006-11-18,1966-11-26,dickersoncrystal@example.org,,Mexico,Dawn Thomas,2031-11-02,UK,Passport,dfcf2f36,Company Director,UK,4839891534,False,Salary,,,,,
8962d48e-38b4-47fa-9183-ca415757fba0,3276eae8-c181-4160-83bd-a7915b590d90,68e9c2cb-6a9c-44e4-9cef-b2e0350fce44,outbound,2024-10-28 19:59:54,111121.4,GBP,4829,Business Transfer,business,14166.54,MasterCard,**** **** **** 6752,04/28,HSBC,Dawn Thomas,39929ea7-1e53-4754-b1b6-fbcaecdc50f8,"Hall, Williams and Stephens","{'city': 'East Anthony', 'state': 'MT', 'country': 'Australia'}",T4315,wire_transfer,online,"{'latitude': Decimal('30.1915955'), 'longitude': Decimal('159.684840')}",418888,password,,79,approved,,,0,42.223.29.214,5b3d017e-bdfb-4099-bf14-19e6e82a6169,Opera/8.80.(Windows NT 5.01; shs-CA) Presto/2.9.170 Version/11.00,a3d0ca67-ac3d-4362-a723-392009f7f13c,business partner,"Macias, Richardson and Moore (Mexico), Price-Mays (Mexico), Green LLC (Singapore), Thompson, Matthews and White (Australia), Hall, Williams and Stephens (Australia)","956 Blake Cove Suite 920
New Curtis, SC 53216",51,>250k,25,2006-11-18,1966-11-26,dickersoncrystal@example.org,,Mexico,Dawn Thomas,2031-11-02,UK,Passport,dfcf2f36,Company Director,UK,4839891534,False,Salary,,,,,
310df0d7-b0ff-4c6a-80f1-f76f652e5984,3276eae8-c181-4160-83bd-a7915b590d90,3412c341-9f2c-4e69-ab1d-2bd951e147b2,outbound,2024-11-10 11:27:02,186613.35,GBP,8999,Business Transfer,business,34995.7,MasterCard,**** **** **** 3200,03/32,HSBC,Dawn Thomas,a396f6a5-2116-460d-819d-9124fd06cb50,"Hall, Williams and Stephens","{'city': 'South Jaimestad', 'state': 'MT', 'country': 'Australia'}",T8968,wire_transfer,online,"{'latitude': Decimal('-38.991688'), 'longitude': Decimal('-172.173456')}",655887,password,,37,approved,,,0,159.205.122.222,3701f766-04c3-40b4-b99c-0a2a43d67a19,Opera/8.79.(X11; Linux i686; ga-IE) Presto/2.9.172 Version/11.00,4823ca67-6f56-4f06-a5a1-8e34971e42e3,business partner,"Macias, Richardson and Moore (Mexico), Price-Mays (Mexico), Green LLC (Singapore), Thompson, Matthews and White (Australia), Hall, Williams and Stephens (Australia)","956 Blake Cove Suite 920
New Curtis, SC 53216",51,>250k,25,2006-11-18,1966-11-26,dickersoncrystal@example.org,,Mexico,Dawn Thomas,2031-11-02,UK,Passport,dfcf2f36,Company Director,UK,4839891534,False,Salary,,,,,
fcf9a0bc-d8ae-4d54-a9f0-187517cce4be,3276eae8-c181-4160-83bd-a7915b590d90,3412c341-9f2c-4e69-ab1d-2bd951e147b2,POS,2024-10-15 06:04:50,922.45,GBP,5812,Dining,business,11015.62,Visa,**** **** **** 5932,05/29,HSBC,Dawn Thomas,0f07a45c-4e4f-4162-86ee-f47a3ce723b7,Hines Inc,"{'city': 'Domingueztown', 'state': 'MS', 'country': 'UK'}",T9995,chip,POS,"{'latitude': Decimal('50.4080445'), 'longitude': Decimal('57.515554')}",259332,PIN,,28,approved,,,0,,,,ba5faaa9-e18b-4031-9846-2a5d91b9e30b,advertisement,"Macias, Richardson and Moore (Mexico), Price-Mays (Mexico), Green LLC (Singapore), Thompson, Matthews and White (Australia), Hall, Williams and Stephens (Australia)","956 Blake Cove Suite 920
New Curtis, SC 53216",51,>250k,25,2006-11-18,1966-11-26,dickersoncrystal@example.org,,Mexico,Dawn Thomas,2031-11-02,UK,Passport,dfcf2f36,Company Director,UK,4839891534,False,Salary,,,,,
852c497f-b30a-4f0d-a9c6-a732ac94f2bc,3276eae8-c181-4160-83bd-a7915b590d90,68e9c2cb-6a9c-44e4-9cef-b2e0350fce44,POS,2024-07-18 14:37:26,1734.75,GBP,5411,Office Supplies,business,9541.11,Visa,**** **** **** 9610,12/32,HSBC,Dawn Thomas,2f5030d2-b5df-4c8f-8ee1-a764fe0d043d,Payne and Sons,"{'city': 'Thomashaven', 'state': 'HI', 'country': 'UK'}",T3706,NFC,POS,"{'latitude': Decimal('29.8672685'), 'longitude': Decimal('141.891592')}",862679,PIN,,25,approved,,,0,,,,1ee89f82-3028-4053-85c1-44e38f3a62bc,direct,"Macias, Richardson and Moore (Mexico), Price-Mays (Mexico), Green LLC (Singapore), Thompson, Matthews and White (Australia), Hall, Williams and Stephens (Australia)","956 Blake Cove Suite 920
New Curtis, SC 53216",51,>250k,25,2006-11-18,1966-11-26,dickersoncrystal@example.org,,Mexico,Dawn Thomas,2031-11-02,UK,Passport,dfcf2f36,Company Director,UK,4839891534,False,Salary,,,,,
8e5239e0-f73f-4c00-8b47-1df4a0a7956d,3276eae8-c181-4160-83bd-a7915b590d90,68e9c2cb-6a9c-44e4-9cef-b2e0350fce44,POS,2024-06-18 05:38:10,1291.81,GBP,5812,Fuel,business,5571.39,Visa,**** **** **** 6254,10/28,HSBC,Dawn Thomas,7fc46aa6-4bbc-4175-bfe1-3ddabac33258,"Trevino, Anderson and Lopez","{'city': 'Mercedesshire', 'state': 'MD', 'country': 'UK'}",T1138,swipe,POS,"{'latitude': Decimal('72.314084'), 'longitude': Decimal('-75.683443')}",429042,PIN,,27,approved,,,1,,,,8a1635c7-b3ea-4e56-ab3a-f3c0580c08e6,advertisement,"Macias, Richardson and Moore (Mexico), Price-Mays (Mexico), Green LLC (Singapore), Thompson, Matthews and White (Australia), Hall, Williams and Stephens (Australia)","956 Blake Cove Suite 920
New Curtis, SC 53216",51,>250k,25,2006-11-18,1966-11-26,dickersoncrystal@example.org,,Mexico,Dawn Thomas,2031-11-02,UK,Passport,dfcf2f36,Company Director,UK,4839891534,False,Salary,,,,,
7114c3da-3564-4dd1-99e2-a35633374844,3276eae8-c181-4160-83bd-a7915b590d90,68e9c2cb-6a9c-44e4-9cef-b2e0350fce44,POS,2024-06-12 01:11:40,465.23,GBP,5411,Fuel,business,14785.54,Visa,**** **** **** 9160,02/25,HSBC,Dawn Thomas,a85f8146-ddb7-4659-bde9-7dec2ce18dc3,Stewart-Henderson,"{'city': 'Matthewfort', 'state': 'MI', 'country': 'UK'}",T1752,NFC,POS,"{'latitude': Decimal('-70.8587345'), 'longitude': Decimal('-59.347174')}",470939,PIN,,20,approved,,,4,,,,4fe3ba2d-387f-416c-92ad-6f61f1a9cd0c,advertisement,"Macias, Richardson and Moore (Mexico), Price-Mays (Mexico), Green LLC (Singapore), Thompson, Matthews and White (Australia), Hall, Williams and Stephens (Australia)","956 Blake Cove Suite 920
New Curtis, SC 53216",51,>250k,25,2006-11-18,1966-11-26,dickersoncrystal@example.org,,Mexico,Dawn Thomas,2031-11-02,UK,Passport,dfcf2f36,Company Director,UK,4839891534,False,Salary,,,,,
7aabcb93-b086-41e6-9adb-296dc3574853,3276eae8-c181-4160-83bd-a7915b590d90,3412c341-9f2c-4e69-ab1d-2bd951e147b2,POS,2024-10-01 05:38:15,804.44,GBP,5999,Dining,business,21553.82,Visa,**** **** **** 6350,11/25,HSBC,Dawn Thomas,32c16704-638b-41af-a5dc-971a469fcf93,King-Merritt,"{'city': 'Amychester', 'state': 'VI', 'country': 'UK'}",T5462,NFC,POS,"{'latitude': Decimal('12.137097'), 'longitude': Decimal('11.773433')}",791024,PIN,,24,approved,,,3,,,,f9c65394-f709-4a4f-a467-13f2efbce984,advertisement,"Macias, Richardson and Moore (Mexico), Price-Mays (Mexico), Green LLC (Singapore), Thompson, Matthews and White (Australia), Hall, Williams and Stephens (Australia)","956 Blake Cove Suite 920
New Curtis, SC 53216",51,>250k,25,2006-11-18,1966-11-26,dickersoncrystal@example.org,,Mexico,Dawn Thomas,2031-11-02,UK,Passport,dfcf2f36,Company Director,UK,4839891534,False,Salary,,,,,
cbf9abda-0f52-4e77-9a81-4407d244b51c,3276eae8-c181-4160-83bd-a7915b590d90,68e9c2cb-6a9c-44e4-9cef-b2e0350fce44,POS,2024-09-27 11:23:04,4829.88,GBP,5812,Dining,business,37159.84,Visa,**** **** **** 5753,01/26,HSBC,Dawn Thomas,819012af-bafe-41b3-9dd1-a638ff83e7cb,"Conrad, Moody and Kirk","{'city': 'West Bradmouth', 'state': 'ID', 'country': 'UK'}",T7955,NFC,POS,"{'latitude': Decimal('33.4760285'), 'longitude': Decimal('-159.420960')}",251850,PIN,,29,approved,,,3,,,,0479de9c-df4e-4d95-b798-48eb98d4df55,advertisement,"Macias, Richardson and Moore (Mexico), Price-Mays (Mexico), Green LLC (Singapore), Thompson, Matthews and White (Australia), Hall, Williams and Stephens (Australia)","956 Blake Cove Suite 920
New Curtis, SC 53216",51,>250k,25,2006-11-18,1966-11-26,dickersoncrystal@example.org,,Mexico,Dawn Thomas,2031-11-02,UK,Passport,dfcf2f36,Company Director,UK,4839891534,False,Salary,,,,,
96bb290d-fc30-4601-8b7c-4af54eab63d8,3276eae8-c181-4160-83bd-a7915b590d90,68e9c2cb-6a9c-44e4-9cef-b2e0350fce44,POS,2024-09-22 07:04:06,1420.08,GBP,5411,Office Supplies,business,40392.47,Visa,**** **** **** 9977,10/29,HSBC,Dawn Thomas,11ee7528-95a3-4436-9407-f1ab21164737,"Lynch, Gonzalez and Perez","{'city': 'West Debbie', 'state': 'IA', 'country': 'UK'}",T8109,NFC,POS,"{'latitude': Decimal('27.344232'), 'longitude': Decimal('-89.189123')}",923032,PIN,,19,approved,,,2,,,,a2518988-a9f7-48ed-868f-5b649e23b101,direct,"Macias, Richardson and Moore (Mexico), Price-Mays (Mexico), Green LLC (Singapore), Thompson, Matthews and White (Australia), Hall, Williams and Stephens (Australia)","956 Blake Cove Suite 920
New Curtis, SC 53216",51,>250k,25,2006-11-18,1966-11-26,dickersoncrystal@example.org,,Mexico,Dawn Thomas,2031-11-02,UK,Passport,dfcf2f36,Company Director,UK,4839891534,False,Salary,,,,,
84834af1-7649-4920-966d-ffbe01dbabe6,3276eae8-c181-4160-83bd-a7915b590d90,3412c341-9f2c-4e69-ab1d-2bd951e147b2,POS,2024-08-06 22:41:40,4956.03,GBP,5812,Dining,business,39968.67,Visa,**** **** **** 8097,07/26,HSBC,Dawn Thomas,c1e2779b-62fc-48e1-88e7-cabaec8967d7,Brown-Rhodes,"{'city': 'South Pamela', 'state': 'MO', 'country': 'UK'}",T8018,swipe,POS,"{'latitude': Decimal('-49.2551695'), 'longitude': Decimal('-103.378973')}",877041,PIN,,30,approved,,,3,,,,30247bb7-9df8-45db-b38e-3863b06fd65b,direct,"Macias, Richardson and Moore (Mexico), Price-Mays (Mexico), Green LLC (Singapore), Thompson, Matthews and White (Australia), Hall, Williams and Stephens (Australia)","956 Blake Cove Suite 920
New Curtis, SC 53216",51,>250k,25,2006-11-18,1966-11-26,dickersoncrystal@example.org,,Mexico,Dawn Thomas,2031-11-02,UK,Passport,dfcf2f36,Company Director,UK,4839891534,False,Salary,,,,,
92f0e187-a486-4830-9966-8a35e5472b58,3276eae8-c181-4160-83bd-a7915b590d90,3412c341-9f2c-4e69-ab1d-2bd951e147b2,POS,2024-11-11 19:44:17,188.42,GBP,5411,Fuel,business,6529.7,Visa,**** **** **** 5611,02/31,HSBC,Dawn Thomas,2c7dd6fb-1a8a-47ca-b7f8-41673b6bc678,"Robbins, Mccullough and Sweeney","{'city': 'New Ashley', 'state': 'WI', 'country': 'UK'}",T8569,chip,POS,"{'latitude': Decimal('87.480693'), 'longitude': Decimal('17.429721')}",390972,PIN,,29,approved,,,1,,,,e27cc61c-282a-4a13-9cc8-c5606c528a07,direct,"Macias, Richardson and Moore (Mexico), Price-Mays (Mexico), Green LLC (Singapore), Thompson, Matthews and White (Australia), Hall, Williams and Stephens (Australia)","956 Blake Cove Suite 920
New Curtis, SC 53216",51,>250k,25,2006-11-18,1966-11-26,dickersoncrystal@example.org,,Mexico,Dawn Thomas,2031-11-02,UK,Passport,dfcf2f36,Company Director,UK,4839891534,False,Salary,,,,,
0671439e-efca-496d-9f4e-1c61d3cd3f31,3276eae8-c181-4160-83bd-a7915b590d90,68e9c2cb-6a9c-44e4-9cef-b2e0350fce44,POS,2024-07-02 21:54:53,4237.52,GBP,5812,Fuel,business,38430.61,Visa,**** **** **** 1839,07/32,HSBC,Dawn Thomas,ad2a365c-3f50-402d-9fd2-59608fb0d836,"Sims, Cardenas and Rosales","{'city': 'New Nancyland', 'state': 'TX', 'country': 'UK'}",T7080,NFC,POS,"{'latitude': Decimal('60.3033315'), 'longitude': Decimal('-178.245835')}",431415,PIN,,24,approved,,,2,,,,e04f77d5-cd64-4484-9f0d-1d1551b7b6e4,advertisement,"Macias, Richardson and Moore (Mexico), Price-Mays (Mexico), Green LLC (Singapore), Thompson, Matthews and White (Australia), Hall, Williams and Stephens (Australia)","956 Blake Cove Suite 920
New Curtis, SC 53216",51,>250k,25,2006-11-18,1966-11-26,dickersoncrystal@example.org,,Mexico,Dawn Thomas,2031-11-02,UK,Passport,dfcf2f36,Company Director,UK,4839891534,False,Salary,,,,,
04bc1e4f-46f6-4c5c-b098-5e4823676da8,3276eae8-c181-4160-83bd-a7915b590d90,68e9c2cb-6a9c-44e4-9cef-b2e0350fce44,POS,2024-06-16 08:57:23,4524.74,GBP,5999,Dining,business,13114.51,Visa,**** **** **** 8802,10/31,HSBC,Dawn Thomas,13fabbeb-b60d-4230-9f13-a28b3d57f145,"Avila, Porter and Sanchez","{'city': 'East Justin', 'state': 'MI', 'country': 'UK'}",T4584,chip,POS,"{'latitude': Decimal('75.187105'), 'longitude': Decimal('-75.542103')}",116928,PIN,,16,approved,,,3,,,,5e6114ce-2d28-40d1-bfdc-82ae77ee40bf,advertisement,"Macias, Richardson and Moore (Mexico), Price-Mays (Mexico), Green LLC (Singapore), Thompson, Matthews and White (Australia), Hall, Williams and Stephens (Australia)","956 Blake Cove Suite 920
New Curtis, SC 53216",51,>250k,25,2006-11-18,1966-11-26,dickersoncrystal@example.org,,Mexico,Dawn Thomas,2031-11-02,UK,Passport,dfcf2f36,Company Director,UK,4839891534,False,Salary,,,,,
154f00d0-1251-4dd0-a9c0-18b423d88864,3276eae8-c181-4160-83bd-a7915b590d90,68e9c2cb-6a9c-44e4-9cef-b2e0350fce44,POS,2024-09-23 03:17:58,3230.23,GBP,5411,Fuel,business,42874.86,Visa,**** **** **** 8286,03/34,HSBC,Dawn Thomas,8e7567a0-a51e-493d-898b-d3be6e08fb70,Ferguson-Wright,"{'city': 'Alexandershire', 'state': 'IN', 'country': 'UK'}",T7284,chip,POS,"{'latitude': Decimal('-77.2190785'), 'longitude': Decimal('75.139993')}",383434,PIN,,28,approved,,,2,,,,12ace17a-aa3d-402c-95f0-d055963c6b0e,direct,"Macias, Richardson and Moore (Mexico), Price-Mays (Mexico), Green LLC (Singapore), Thompson, Matthews and White (Australia), Hall, Williams and Stephens (Australia)","956 Blake Cove Suite 920
New Curtis, SC 53216",51,>250k,25,2006-11-18,1966-11-26,dickersoncrystal@example.org,,Mexico,Dawn Thomas,2031-11-02,UK,Passport,dfcf2f36,Company Director,UK,4839891534,False,Salary,,,,,
44aab250-3703-434f-8e69-603ae917b251,3276eae8-c181-4160-83bd-a7915b590d90,68e9c2cb-6a9c-44e4-9cef-b2e0350fce44,POS,2024-08-22 03:32:49,4437.34,GBP,5999,Fuel,business,44544.09,Visa,**** **** **** 8409,06/25,HSBC,Dawn Thomas,6621a564-3162-4443-807e-f97fd9b02f77,"Campbell, Perez and Stewart","{'city': 'North Brianfurt', 'state': 'NJ', 'country': 'UK'}",T9190,swipe,POS,"{'latitude': Decimal('-42.839639'), 'longitude': Decimal('-159.492480')}",738757,PIN,,24,approved,,,4,,,,740fec58-d63e-4142-968a-17d4329a10e0,advertisement,"Macias, Richardson and Moore (Mexico), Price-Mays (Mexico), Green LLC (Singapore), Thompson, Matthews and White (Australia), Hall, Williams and Stephens (Australia)","956 Blake Cove Suite 920
New Curtis, SC 53216",51,>250k,25,2006-11-18,1966-11-26,dickersoncrystal@example.org,,Mexico,Dawn Thomas,2031-11-02,UK,Passport,dfcf2f36,Company Director,UK,4839891534,False,Salary,,,,,
9965bc46-7843-4f2d-b2c0-20ee7523e991,3276eae8-c181-4160-83bd-a7915b590d90,68e9c2cb-6a9c-44e4-9cef-b2e0350fce44,POS,2024-08-23 06:54:01,3269.34,GBP,5999,Office Supplies,business,32970.54,Visa,**** **** **** 1553,06/30,HSBC,Dawn Thomas,b5d4cdd9-8eeb-491b-bbd9-89f104975897,Taylor-Collier,"{'city': 'Turnermouth', 'state': 'RI', 'country': 'UK'}",T2234,NFC,POS,"{'latitude': Decimal('-25.696365'), 'longitude': Decimal('-109.218826')}",186740,PIN,,28,approved,,,3,,,,1c5ee988-87e3-4791-b90a-9228d7f3e4e0,direct,"Macias, Richardson and Moore (Mexico), Price-Mays (Mexico), Green LLC (Singapore), Thompson, Matthews and White (Australia), Hall, Williams and Stephens (Australia)","956 Blake Cove Suite 920
New Curtis, SC 53216",51,>250k,25,2006-11-18,1966-11-26,dickersoncrystal@example.org,,Mexico,Dawn Thomas,2031-11-02,UK,Passport,dfcf2f36,Company Director,UK,4839891534,False,Salary,,,,,
cdbd413e-e84b-4041-8282-b4914ef70a5e,3276eae8-c181-4160-83bd-a7915b590d90,68e9c2cb-6a9c-44e4-9cef-b2e0350fce44,POS,2024-06-12 05:33:13,3388.5,GBP,5411,Dining,business,38530.94,Visa,**** **** **** 6928,01/29,HSBC,Dawn Thomas,2d893443-0e9c-45e0-be4c-f646fdd0836e,"Shepherd, Adams and Ortega","{'city': 'South Tammy', 'state': 'CO', 'country': 'UK'}",T6754,swipe,POS,"{'latitude': Decimal('4.1994285'), 'longitude': Decimal('-22.978998')}",974989,PIN,,29,approved,,,1,,,,8dcab80e-6358-4f49-beae-c113c6be662b,direct,"Macias, Richardson and Moore (Mexico), Price-Mays (Mexico), Green LLC (Singapore), Thompson, Matthews and White (Australia), Hall, Williams and Stephens (Australia)","956 Blake Cove Suite 920
New Curtis, SC 53216",51,>250k,25,2006-11-18,1966-11-26,dickersoncrystal@example.org,,Mexico,Dawn Thomas,2031-11-02,UK,Passport,dfcf2f36,Company Director,UK,4839891534,False,Salary,,,,,
b2cabf1e-118d-4ee2-9778-19f4ba1f1b99,3276eae8-c181-4160-83bd-a7915b590d90,68e9c2cb-6a9c-44e4-9cef-b2e0350fce44,POS,2024-07-31 15:34:18,1134.83,GBP,5411,Fuel,business,18720.51,Visa,**** **** **** 5749,08/28,HSBC,Dawn Thomas,f31303cd-705b-4910-ad0b-57bee22ee96c,"Thompson, Dickerson and Luna","{'city': 'Brewerburgh', 'state': 'WA', 'country': 'UK'}",T6750,chip,POS,"{'latitude': Decimal('-24.020362'), 'longitude': Decimal('-109.274503')}",485635,PIN,,11,approved,,,5,,,,ea107de0-76c6-49d7-91c2-b23fa33a7a35,direct,"Macias, Richardson and Moore (Mexico), Price-Mays (Mexico), Green LLC (Singapore), Thompson, Matthews and White (Australia), Hall, Williams and Stephens (Australia)","956 Blake Cove Suite 920
New Curtis, SC 53216",51,>250k,25,2006-11-18,1966-11-26,dickersoncrystal@example.org,,Mexico,Dawn Thomas,2031-11-02,UK,Passport,dfcf2f36,Company Director,UK,4839891534,False,Salary,,,,,
fc1fab67-8c8f-40c3-bdf3-bba6cc8c3e5d,3276eae8-c181-4160-83bd-a7915b590d90,68e9c2cb-6a9c-44e4-9cef-b2e0350fce44,POS,2024-08-16 19:45:58,742.25,GBP,5999,Fuel,business,20646.61,Visa,**** **** **** 6261,08/32,HSBC,Dawn Thomas,9bcd527a-48a0-4247-ae8b-2428b5a1084d,Newman Ltd,"{'city': 'Samuelfort', 'state': 'VA', 'country': 'UK'}",T5240,NFC,POS,"{'latitude': Decimal('9.3255045'), 'longitude': Decimal('-91.328977')}",660135,PIN,,27,approved,,,1,,,,57fca7a8-c40a-4cd3-ad75-5117e2623dc7,advertisement,"Macias, Richardson and Moore (Mexico), Price-Mays (Mexico), Green LLC (Singapore), Thompson, Matthews and White (Australia), Hall, Williams and Stephens (Australia)","956 Blake Cove Suite 920
New Curtis, SC 53216",51,>250k,25,2006-11-18,1966-11-26,dickersoncrystal@example.org,,Mexico,Dawn Thomas,2031-11-02,UK,Passport,dfcf2f36,Company Director,UK,4839891534,False,Salary,,,,,
c6a01348-a20b-4fa0-a130-b62f5ca3de08,3276eae8-c181-4160-83bd-a7915b590d90,68e9c2cb-6a9c-44e4-9cef-b2e0350fce44,POS,2024-09-21 08:48:11,3262.36,GBP,5411,Fuel,business,20008.27,Visa,**** **** **** 3987,03/25,HSBC,Dawn Thomas,2a8c0157-35d0-45ef-aaf0-404de5d3d2ea,Walker and Sons,"{'city': 'South Andrebury', 'state': 'IN', 'country': 'UK'}",T4686,NFC,POS,"{'latitude': Decimal('46.907416'), 'longitude': Decimal('20.765729')}",880811,PIN,,25,approved,,,1,,,,16bea4fc-03c8-4242-b274-201956196b9f,direct,"Macias, Richardson and Moore (Mexico), Price-Mays (Mexico), Green LLC (Singapore), Thompson, Matthews and White (Australia), Hall, Williams and Stephens (Australia)","956 Blake Cove Suite 920
New Curtis, SC 53216",51,>250k,25,2006-11-18,1966-11-26,dickersoncrystal@example.org,,Mexico,Dawn Thomas,2031-11-02,UK,Passport,dfcf2f36,Company Director,UK,4839891534,False,Salary,,,,,
d6cf579f-795b-45ee-8f7e-b10bca635951,3276eae8-c181-4160-83bd-a7915b590d90,68e9c2cb-6a9c-44e4-9cef-b2e0350fce44,POS,2024-08-03 05:12:21,3167.75,GBP,5411,Office Supplies,business,29841.11,Visa,**** **** **** 2999,06/31,HSBC,Dawn Thomas,06062f66-c757-4804-8ddc-66dcc09fcdef,Rowe-Wilkinson,"{'city': 'East Katherine', 'state': 'MD', 'country': 'UK'}",T7737,chip,POS,"{'latitude': Decimal('-74.000679'), 'longitude': Decimal('118.850647')}",624424,PIN,,16,approved,,,0,,,,1b222458-8177-401a-bee4-71314df7d02e,advertisement,"Macias, Richardson and Moore (Mexico), Price-Mays (Mexico), Green LLC (Singapore), Thompson, Matthews and White (Australia), Hall, Williams and Stephens (Australia)","956 Blake Cove Suite 920
New Curtis, SC 53216",51,>250k,25,2006-11-18,1966-11-26,dickersoncrystal@example.org,,Mexico,Dawn Thomas,2031-11-02,UK,Passport,dfcf2f36,Company Director,UK,4839891534,False,Salary,,,,,
1b1974be-ff8e-4276-8938-70d07b12744c,3276eae8-c181-4160-83bd-a7915b590d90,68e9c2cb-6a9c-44e4-9cef-b2e0350fce44,POS,2024-07-18 23:03:14,2878.31,GBP,5411,Dining,business,19726.44,Visa,**** **** **** 7011,08/31,HSBC,Dawn Thomas,f2736c17-e5ff-4a7b-8c92-3b1fb4500f40,Hall Group,"{'city': 'South Hunter', 'state': 'NM', 'country': 'UK'}",T2925,NFC,POS,"{'latitude': Decimal('21.617270'), 'longitude': Decimal('58.434135')}",860073,PIN,,14,approved,,,5,,,,d22524bd-a99c-4638-a026-06c838d7c509,advertisement,"Macias, Richardson and Moore (Mexico), Price-Mays (Mexico), Green LLC (Singapore), Thompson, Matthews and White (Australia), Hall, Williams and Stephens (Australia)","956 Blake Cove Suite 920
New Curtis, SC 53216",51,>250k,25,2006-11-18,1966-11-26,dickersoncrystal@example.org,,Mexico,Dawn Thomas,2031-11-02,UK,Passport,dfcf2f36,Company Director,UK,4839891534,False,Salary,,,,,
49df3048-750e-4756-9aa6-af214579d31d,3276eae8-c181-4160-83bd-a7915b590d90,3412c341-9f2c-4e69-ab1d-2bd951e147b2,POS,2024-06-18 08:31:04,1484.97,GBP,5999,Office Supplies,business,47011.54,Visa,**** **** **** 7320,12/24,HSBC,Dawn Thomas,1e1753eb-4122-4794-a677-6596d6900b0d,"Woodward, Miller and Martinez","{'city': 'New Oliviachester', 'state': 'GU', 'country': 'UK'}",T2336,NFC,POS,"{'latitude': Decimal('-6.2091935'), 'longitude': Decimal('-130.984809')}",469314,PIN,,10,approved,,,3,,,,97093954-0adc-4286-93a5-188da689d1e5,direct,"Macias, Richardson and Moore (Mexico), Price-Mays (Mexico), Green LLC (Singapore), Thompson, Matthews and White (Australia), Hall, Williams and Stephens (Australia)","956 Blake Cove Suite 920
New Curtis, SC 53216",51,>250k,25,2006-11-18,1966-11-26,dickersoncrystal@example.org,,Mexico,Dawn Thomas,2031-11-02,UK,Passport,dfcf2f36,Company Director,UK,4839891534,False,Salary,,,,,
7e0c6bfe-7ef0-4eb2-b03f-928929debd13,3276eae8-c181-4160-83bd-a7915b590d90,68e9c2cb-6a9c-44e4-9cef-b2e0350fce44,POS,2024-08-16 01:44:49,2822.42,GBP,5999,Office Supplies,business,36706.41,Visa,**** **** **** 5333,01/30,HSBC,Dawn Thomas,2bfc7dec-8a40-4702-9b38-ee39ec411eeb,Powers-David,"{'city': 'Port Christopher', 'state': 'MH', 'country': 'UK'}",T1067,chip,POS,"{'latitude': Decimal('-34.155202'), 'longitude': Decimal('-50.829382')}",929911,PIN,,13,approved,,,2,,,,26744864-57cb-47f2-af90-ca2478e69440,direct,"Macias, Richardson and Moore (Mexico), Price-Mays (Mexico), Green LLC (Singapore), Thompson, Matthews and White (Australia), Hall, Williams and Stephens (Australia)","956 Blake Cove Suite 920
New Curtis, SC 53216",51,>250k,25,2006-11-18,1966-11-26,dickersoncrystal@example.org,,Mexico,Dawn Thomas,2031-11-02,UK,Passport,dfcf2f36,Company Director,UK,4839891534,False,Salary,,,,,
6adb05cd-7fcb-4a24-a5cc-91f5afe2bd84,3276eae8-c181-4160-83bd-a7915b590d90,3412c341-9f2c-4e69-ab1d-2bd951e147b2,POS,2024-09-24 05:36:00,4665.74,GBP,5411,Dining,business,38661.07,Visa,**** **** **** 2895,08/33,HSBC,Dawn Thomas,825cbe56-ea46-4325-9a63-1dd139ae6fb8,"Pruitt, Woods and Foster","{'city': 'Travismouth', 'state': 'GU', 'country': 'UK'}",T4346,NFC,POS,"{'latitude': Decimal('-55.0436065'), 'longitude': Decimal('-0.822802')}",922746,PIN,,21,approved,,,5,,,,f1027808-46ef-4dba-bd2f-9e9898a68109,direct,"Macias, Richardson and Moore (Mexico), Price-Mays (Mexico), Green LLC (Singapore), Thompson, Matthews and White (Australia), Hall, Williams and Stephens (Australia)","956 Blake Cove Suite 920
New Curtis, SC 53216",51,>250k,25,2006-11-18,1966-11-26,dickersoncrystal@example.org,,Mexico,Dawn Thomas,2031-11-02,UK,Passport,dfcf2f36,Company Director,UK,4839891534,False,Salary,,,,,
1e4bf108-1318-439c-ad61-5d28960bab11,3276eae8-c181-4160-83bd-a7915b590d90,3412c341-9f2c-4e69-ab1d-2bd951e147b2,POS,2024-07-07 09:19:01,4164.3,GBP,5999,Office Supplies,business,41490.04,Visa,**** **** **** 9614,04/34,HSBC,Dawn Thomas,c7e33831-e318-45d7-8a1e-a373a0ce3584,Murphy-Morris,"{'city': 'New Julieland', 'state': 'MD', 'country': 'UK'}",T9320,NFC,POS,"{'latitude': Decimal('-16.8248295'), 'longitude': Decimal('9.246032')}",888294,PIN,,11,approved,,,0,,,,c3fe91bc-f7f4-4a88-974b-fd365bd87614,advertisement,"Macias, Richardson and Moore (Mexico), Price-Mays (Mexico), Green LLC (Singapore), Thompson, Matthews and White (Australia), Hall, Williams and Stephens (Australia)","956 Blake Cove Suite 920
New Curtis, SC 53216",51,>250k,25,2006-11-18,1966-11-26,dickersoncrystal@example.org,,Mexico,Dawn Thomas,2031-11-02,UK,Passport,dfcf2f36,Company Director,UK,4839891534,False,Salary,,,,,
ff989e66-dd83-4658-8b67-c7f1e8b46c9b,3276eae8-c181-4160-83bd-a7915b590d90,3412c341-9f2c-4e69-ab1d-2bd951e147b2,POS,2024-09-04 06:43:29,2616.32,GBP,5812,Fuel,business,8519.4,Visa,**** **** **** 6288,06/29,HSBC,Dawn Thomas,78c5bd7b-f820-4d32-b81e-016c30438797,Miller Group,"{'city': 'North Pamela', 'state': 'MA', 'country': 'UK'}",T2163,NFC,POS,"{'latitude': Decimal('12.9334855'), 'longitude': Decimal('52.344083')}",641672,PIN,,17,approved,,,0,,,,0efa9345-76c1-4ad8-9609-6b5048b04393,direct,"Macias, Richardson and Moore (Mexico), Price-Mays (Mexico), Green LLC (Singapore), Thompson, Matthews and White (Australia), Hall, Williams and Stephens (Australia)","956 Blake Cove Suite 920
New Curtis, SC 53216",51,>250k,25,2006-11-18,1966-11-26,dickersoncrystal@example.org,,Mexico,Dawn Thomas,2031-11-02,UK,Passport,dfcf2f36,Company Director,UK,4839891534,False,Salary,,,,,
d879c7c2-714e-4f5b-8e84-5e75a26194f2,3276eae8-c181-4160-83bd-a7915b590d90,3412c341-9f2c-4e69-ab1d-2bd951e147b2,POS,2024-08-27 15:40:27,1861.79,GBP,5411,Fuel,business,10023.4,Visa,**** **** **** 8902,04/29,HSBC,Dawn Thomas,ca443073-a6af-46b9-904c-2d73019d9860,Crawford Inc,"{'city': 'Rogershaven', 'state': 'WI', 'country': 'UK'}",T7911,chip,POS,"{'latitude': Decimal('80.363765'), 'longitude': Decimal('166.088180')}",626995,PIN,,30,approved,,,1,,,,20b36152-fa63-454a-be8e-c8da43bca5e4,direct,"Macias, Richardson and Moore (Mexico), Price-Mays (Mexico), Green LLC (Singapore), Thompson, Matthews and White (Australia), Hall, Williams and Stephens (Australia)","956 Blake Cove Suite 920
New Curtis, SC 53216",51,>250k,25,2006-11-18,1966-11-26,dickersoncrystal@example.org,,Mexico,Dawn Thomas,2031-11-02,UK,Passport,dfcf2f36,Company Director,UK,4839891534,False,Salary,,,,,
5086ab5e-0c84-4bbb-bd52-c45f82f55f4c,3276eae8-c181-4160-83bd-a7915b590d90,68e9c2cb-6a9c-44e4-9cef-b2e0350fce44,POS,2024-08-12 01:43:48,893.55,GBP,5999,Office Supplies,business,45531.73,Visa,**** **** **** 9127,05/34,HSBC,Dawn Thomas,b93629e4-4cca-46c3-8a67-865d199c5fb5,Sweeney Inc,"{'city': 'South Zacharyport', 'state': 'FM', 'country': 'UK'}",T1967,chip,POS,"{'latitude': Decimal('-65.087225'), 'longitude': Decimal('76.025742')}",110818,PIN,,15,approved,,,1,,,,8e47304a-b59a-4dd0-bbab-397c2c5ea674,direct,"Macias, Richardson and Moore (Mexico), Price-Mays (Mexico), Green LLC (Singapore), Thompson, Matthews and White (Australia), Hall, Williams and Stephens (Australia)","956 Blake Cove Suite 920
New Curtis, SC 53216",51,>250k,25,2006-11-18,1966-11-26,dickersoncrystal@example.org,,Mexico,Dawn Thomas,2031-11-02,UK,Passport,dfcf2f36,Company Director,UK,4839891534,False,Salary,,,,,
7dba3252-0c82-4110-9aad-98e59f61d64e,3276eae8-c181-4160-83bd-a7915b590d90,3412c341-9f2c-4e69-ab1d-2bd951e147b2,POS,2024-08-10 11:39:00,3453.58,GBP,5411,Office Supplies,business,7009.61,Visa,**** **** **** 3321,05/27,HSBC,Dawn Thomas,8bee1497-b100-41ce-81df-97d008f413e6,Hunter-Scott,"{'city': 'Cuevasmouth', 'state': 'CA', 'country': 'UK'}",T7702,swipe,POS,"{'latitude': Decimal('87.291170'), 'longitude': Decimal('23.302248')}",930269,PIN,,26,approved,,,1,,,,a31eb292-367a-42a1-91d1-d0477126fec3,advertisement,"Macias, Richardson and Moore (Mexico), Price-Mays (Mexico), Green LLC (Singapore), Thompson, Matthews and White (Australia), Hall, Williams and Stephens (Australia)","956 Blake Cove Suite 920
New Curtis, SC 53216",51,>250k,25,2006-11-18,1966-11-26,dickersoncrystal@example.org,,Mexico,Dawn Thomas,2031-11-02,UK,Passport,dfcf2f36,Company Director,UK,4839891534,False,Salary,,,,,
e8cc0f93-7d44-43f6-ab65-cb89b6589ed3,3276eae8-c181-4160-83bd-a7915b590d90,68e9c2cb-6a9c-44e4-9cef-b2e0350fce44,POS,2024-09-22 12:13:18,4970.1,GBP,5411,Dining,business,25722.17,Visa,**** **** **** 5697,06/29,HSBC,Dawn Thomas,4489fd96-7937-4d46-b2d9-92b7eaa1ea31,Wood and Sons,"{'city': 'Port Carolyn', 'state': 'ME', 'country': 'UK'}",T3821,swipe,POS,"{'latitude': Decimal('-18.557300'), 'longitude': Decimal('151.917823')}",776475,PIN,,16,approved,,,5,,,,bcaef299-af03-4ae2-bf62-53c9777e3020,direct,"Macias, Richardson and Moore (Mexico), Price-Mays (Mexico), Green LLC (Singapore), Thompson, Matthews and White (Australia), Hall, Williams and Stephens (Australia)","956 Blake Cove Suite 920
New Curtis, SC 53216",51,>250k,25,2006-11-18,1966-11-26,dickersoncrystal@example.org,,Mexico,Dawn Thomas,2031-11-02,UK,Passport,dfcf2f36,Company Director,UK,4839891534,False,Salary,,,,,
389fdb41-fb82-40ce-b26e-06b6a6f1d3a5,3276eae8-c181-4160-83bd-a7915b590d90,3412c341-9f2c-4e69-ab1d-2bd951e147b2,POS,2024-08-10 10:38:39,3217.43,GBP,5999,Office Supplies,business,35855.04,Visa,**** **** **** 1522,07/33,HSBC,Dawn Thomas,c06aadd7-ebe2-4e7b-a299-97dc4e553e77,"Black, Barton and Jenkins","{'city': 'Staceychester', 'state': 'KY', 'country': 'UK'}",T9795,swipe,POS,"{'latitude': Decimal('49.886659'), 'longitude': Decimal('-172.913600')}",436278,PIN,,29,approved,,,0,,,,a6cfe812-53e3-48a2-9320-daaed0eaa3cc,advertisement,"Macias, Richardson and Moore (Mexico), Price-Mays (Mexico), Green LLC (Singapore), Thompson, Matthews and White (Australia), Hall, Williams and Stephens (Australia)","956 Blake Cove Suite 920
New Curtis, SC 53216",51,>250k,25,2006-11-18,1966-11-26,dickersoncrystal@example.org,,Mexico,Dawn Thomas,2031-11-02,UK,Passport,dfcf2f36,Company Director,UK,4839891534,False,Salary,,,,,
f9f77ce3-b2fa-4398-9b74-9f9e066eabcd,3276eae8-c181-4160-83bd-a7915b590d90,68e9c2cb-6a9c-44e4-9cef-b2e0350fce44,POS,2024-05-26 00:36:08,4334.67,GBP,5411,Fuel,business,14927.07,Visa,**** **** **** 8567,07/27,HSBC,Dawn Thomas,ca2ebce4-b88c-4423-b9ba-83085cf19506,Thompson Ltd,"{'city': 'Johnsonside', 'state': 'SC', 'country': 'UK'}",T4820,swipe,POS,"{'latitude': Decimal('84.969278'), 'longitude': Decimal('-43.459261')}",524283,PIN,,15,approved,,,5,,,,36b035ea-e899-49e3-b8b4-68c56b984570,direct,"Macias, Richardson and Moore (Mexico), Price-Mays (Mexico), Green LLC (Singapore), Thompson, Matthews and White (Australia), Hall, Williams and Stephens (Australia)","956 Blake Cove Suite 920
New Curtis, SC 53216",51,>250k,25,2006-11-18,1966-11-26,dickersoncrystal@example.org,,Mexico,Dawn Thomas,2031-11-02,UK,Passport,dfcf2f36,Company Director,UK,4839891534,False,Salary,,,,,
375cb7f1-3498-4e3f-afd5-53c7892c51e6,3276eae8-c181-4160-83bd-a7915b590d90,3412c341-9f2c-4e69-ab1d-2bd951e147b2,POS,2024-08-05 19:45:45,2992.57,GBP,5411,Dining,business,28866.64,Visa,**** **** **** 2465,08/34,HSBC,Dawn Thomas,58837ac7-0cd9-4c8b-9e0e-f1e9866498b3,Jensen-Silva,"{'city': 'Amyhaven', 'state': 'SC', 'country': 'UK'}",T3278,NFC,POS,"{'latitude': Decimal('45.857883'), 'longitude': Decimal('-52.427951')}",688010,PIN,,12,approved,,,4,,,,dfae3a87-1e1a-4a6c-8fa4-a828951782ba,advertisement,"Macias, Richardson and Moore (Mexico), Price-Mays (Mexico), Green LLC (Singapore), Thompson, Matthews and White (Australia), Hall, Williams and Stephens (Australia)","956 Blake Cove Suite 920
New Curtis, SC 53216",51,>250k,25,2006-11-18,1966-11-26,dickersoncrystal@example.org,,Mexico,Dawn Thomas,2031-11-02,UK,Passport,dfcf2f36,Company Director,UK,4839891534,False,Salary,,,,,
